FieldID,MachineType,Area,Circumference,MCS,Span,CoA,NControlPoints,IsFullArc,DateFolder,AD
2401961,Agility,196.36345238095234,104.46492063492063,0.341527,25.73868683519033,1.8797070938980045,126,0,2023-12-8,97.3
2401873,TrueBeam,82.42555555555556,73.33966666666666,0.400686,9.975503491324098,1.1238877854488327,180,1,2023-12-8,89.3
2401804,TrueBeam,8.105,15.330111111111112,0.206178,4.089904575592645,0.5286980597371912,180,1,2023-12-8,87.3
2401890,Agility,172.05488888888883,114.35366666666664,0.295169,25.467502183251675,1.5045856762111303,180,1,2023-12-8,96.9
2401613,Agility,87.1436111111111,85.48822222222223,0.26137,20.82278596588368,1.0193639409717254,180,1,2023-12-8,91.4
2402012,Agility,70.41380555555556,51.01577777777778,0.46687,14.230566262374017,1.380235852960522,180,1,2023-12-8,92.4
2401976,Agility,40.20641666666668,44.45955555555556,0.203898,11.391288462683214,0.9043369004538458,180,1,2023-12-8,95.4
2401872,TrueBeam,120.57622222222223,130.90277777777777,0.401607,21.332659484735643,0.9211127851458887,180,1,2023-12-8,99.5
2401960,Agility,237.37960317460315,104.58698412698413,0.440445,22.186466160536142,2.2696858997902556,126,0,2023-12-8,96.8
2401761,Agility,58.52405555555556,76.16166666666666,0.152546,20.245060594617026,0.768418787520698,180,1,2023-12-8,81.6
2402015,Agility,76.00805555555556,84.80311111111111,0.178777,21.88838896185314,0.8962885271504715,180,1,2023-12-8,85.4
2401707,TrueBeam,103.11730555555555,153.77044444444445,0.251347,17.135095198850586,0.6705924921275147,180,1,2023-12-8,95.4
2401658,Agility,38.18305555555556,39.244,0.325721,10.7421505726164,0.9729654356221477,180,1,2023-12-8,94.9
2401930,TrueBeam,22.533694444444443,27.768666666666665,0.340014,7.003211197166002,0.8114791651661745,180,1,2023-12-8,98.9
2401659,Agility,34.64186111111111,39.449,0.273708,10.584270955103861,0.8781429468709249,180,1,2023-12-8,95.1
2401839,Agility,114.3603611111111,80.36044444444443,0.296216,18.31426575586743,1.4230926907101893,180,1,2023-12-8,91.9
2401614,Agility,86.1106388888889,84.50733333333334,0.270005,21.30057249812616,1.0189723837247524,180,1,2023-12-8,91.1
2402014,Agility,72.37002777777778,79.72333333333334,0.162752,20.84687327753261,0.9077647001435519,180,1,2023-12-8,88.5
2401842,Agility,20.246638888888892,21.970888888888886,0.304597,5.351385397136275,0.92152115425462,180,1,2023-12-8,94.6
2401907,TrueBeam,44.48766666666666,34.85111111111111,0.512667,8.312951211159739,1.2765064082127144,180,1,2023-12-8,98.3
2401841,Agility,10.454694444444444,17.52122222222222,0.175911,4.275007415716685,0.5966875091159293,180,1,2023-12-8,96.9
2401898,Agility,14.827166666666663,32.75288888888889,0.295057,4.958502643074816,0.4526979808396883,180,1,2023-12-8,94.3
2401965,Agility,119.35933333333334,63.0328888888889,0.390134,17.969415034503648,1.8936040444494584,180,1,2023-12-8,94.5
2401899,Agility,13.951777777777776,22.25622222222222,0.229574,4.4902821003034,0.6268708875420607,180,1,2023-12-8,91.6
2401708,TrueBeam,67.19986111111112,81.40833333333333,0.209703,20.05767574770956,0.8254666120722013,180,1,2023-12-8,95.1
2401840,Agility,131.5851388888889,81.68977777777778,0.353277,18.415205183457417,1.610790755813321,180,1,2023-12-8,94.7
2401888,Agility,81.46802777777778,54.48133333333333,0.52955,14.90936323117533,1.4953383625788241,180,1,2023-12-8,97.9
2401758,Agility,24.250841584158415,34.174257425742574,0.184987,9.727931532396987,0.7096230733572836,101,0,2023-12-8,93.2
2401871,TrueBeam,97.61672222222224,127.84311111111113,0.302823,21.23714539461797,0.7635665416291496,180,1,2023-12-8,98.8
2402027,Agility,67.88811881188117,68.52376237623763,0.176449,18.66012657502184,0.9907237498013262,101,0,2023-12-8,93.2
2401963,Agility,72.85423423423423,73.31099099099099,0.207988,18.27576974950467,0.9937696005662658,111,0,2023-12-8,89.9
2401762,Agility,50.432861111111116,74.1201111111111,0.135102,20.175336000418902,0.68042074350791,180,1,2023-12-8,83.3
2402010,Agility,60.93005555555556,52.75377777777778,0.361372,13.785397504797682,1.1549894267709107,180,1,2023-12-8,93.9
2401962,Agility,75.16675675675675,73.29693693693694,0.202533,18.0997151491544,1.0255102040816326,111,0,2023-12-8,91.4
2402026,Agility,72.5621782178218,69.5360396039604,0.178261,17.8334520758173,1.0435189957768178,101,0,2023-12-8,85.8
2401759,Agility,23.827475247524752,35.34039603960396,0.191695,9.207173690236724,0.6742277370299604,101,0,2023-12-8,90.6
2401889,Agility,156.68363888888888,113.50544444444446,0.252638,26.314991852791472,1.3804063730667835,180,1,2023-12-8,86.4
2415563,TrueBeam,25.371694444444444,28.62055555555556,0.317466,8.543715303582665,0.8864850437719587,180,1,2024-02-07,97.9
2415430,Agility,19.957555555555555,30.97466666666667,0.125048,7.504291443467713,0.6443186546712008,180,1,2024-02-07,92.3
2415650,Agility,95.18580555555556,81.48355555555555,0.271191,18.576203779477645,1.1681596968440804,180,1,2024-02-07,85.8
2415743,Agility,85.9612376237624,88.41405940594059,0.185956,22.77912976970623,0.9722575595028794,101,0,2024-02-07,84.6
2415651,Agility,113.46091666666666,80.05333333333333,0.316137,18.507351338497145,1.4173165806129249,180,1,2024-02-07,86.3
2415391,TrueBeam,16.666194444444443,21.229555555555553,0.317221,6.221046892899723,0.7850467901144107,180,1,2024-02-07,98.6
2415590,Agility,77.76908333333334,73.67066666666668,0.256574,17.10969562002738,1.0556315946645431,180,1,2024-02-07,85.7
2415601,TrueBeam,6.697194444444444,13.289777777777777,0.293544,3.6369712466632347,0.5039357735268544,180,1,2024-02-07,86.3
2415708,Agility,211.53774193548387,122.00580645161291,0.462615,36.697527647354676,1.7338333976701266,31,0,2024-02-07,78.9
2415745,Agility,74.45148514851485,87.52198019801979,0.166071,24.033738965801778,0.8506604281583581,101,0,2024-02-07,85.0
2415591,Agility,74.97761111111112,71.29322222222221,0.258272,17.45289624881655,1.0516793711105468,180,1,2024-02-07,87.2
2415707,Agility,179.2322580645161,106.28258064516129,0.435244,36.11184105609041,1.6863747283565416,31,0,2024-02-07,89.6
2415642,TrueBeam,53.688055555555565,53.81033333333334,0.306681,9.687990655964606,0.9977276153072624,180,1,2024-02-07,94.9
2415635,TrueBeam,55.784499999999994,45.084,0.270991,11.520167197177805,1.2373458433147013,180,1,2024-02-07,93.8
2415520,TrueBeam,14.121703296703295,20.29802197802198,0.198594,5.529183112341498,0.6957181991424487,91,0,2024-02-07,91.7
2415536,TrueBeam,30.96913888888889,32.58277777777778,0.352619,8.244098174389087,0.9504757114358301,180,1,2024-02-07,96.8
2415428,Agility,64.6435,49.391666666666666,0.355753,11.838016709513393,1.308793656149823,180,1,2024-02-07,88.4
2415429,Agility,60.93319444444445,54.869000000000014,0.312556,12.216279441628824,1.110521322503498,180,1,2024-02-07,91.1
2410777,TrueBeam,26.715027777777777,26.746666666666666,0.421896,7.259442051817497,0.9988170903954803,180,1,2024-01-18,97.7
2410583,Agility,76.46052777777777,105.84155555555553,0.120012,24.26554692094743,0.7224055558938204,180,1,2024-01-18,85.2
2410540,Agility,30.282459016393442,33.15344262295081,0.300669,7.112812075038472,0.9134031527522303,61,0,2024-01-18,88.2
2410541,Agility,37.62213114754099,33.2032786885246,0.319056,7.88980780087685,1.1330848227510615,61,0,2024-01-18,95.3
2410668,TrueBeam,29.44348837209301,28.998837209302327,0.275046,8.170015793053578,1.0153334135290104,86,0,2024-01-18,94.1
2410845,Agility,97.85327777777778,64.09688888888888,0.469626,15.78964079141269,1.5266462924184223,180,1,2024-01-18,92.5
2410310,TrueBeam,103.29333333333335,125.81766666666667,0.249438,22.518823043668736,0.8209763864640102,180,1,2024-01-18,97.3
2410582,Agility,92.39577777777778,97.30044444444444,0.165529,25.475854483686486,0.9495925563889169,180,1,2024-01-18,80.7
2410478,TrueBeam,43.23030303030303,32.577575757575765,0.381376,8.921736353495136,1.3269957025654378,66,0,2024-01-18,90.8
2410585,Agility,20.77016129032258,22.4141935483871,0.43002,5.311293755472352,0.9266521789188876,31,0,2024-01-18,91.3
2410726,Agility,97.27619444444444,92.35277777777777,0.283961,22.025796612469883,1.0533109754263543,180,1,2024-01-18,91.2
2410727,Agility,84.50516666666667,90.81644444444444,0.260895,21.940386327586054,0.9305051214415402,180,1,2024-01-18,88.1
2410802,TrueBeam,98.378,78.97755555555555,0.271066,19.693771266263866,1.2456450355797288,180,1,2024-01-18,98.5
2410584,Agility,23.48346153846154,22.766923076923078,0.366379,5.4359264676015036,1.0314727844038247,26,0,2024-01-18,94.7
2410801,TrueBeam,6.1455,17.273666666666664,0.071465,5.844697701387733,0.3557727562185215,180,1,2024-01-18,87.7
2410477,TrueBeam,27.378863636363633,27.303636363636368,0.361987,7.332444546762571,1.002755210761137,66,0,2024-01-18,95.3
2410772,TrueBeam,46.31283333333332,51.43011111111111,0.208095,12.83515424079939,0.9005003553905946,180,1,2024-01-18,89.7
2410309,TrueBeam,124.1330277777778,166.61777777777777,0.231805,36.04877685070522,0.7450167049001042,180,1,2024-01-18,75.8
2410714,TrueBeam,74.00776595744681,72.20397163120566,0.20321,18.89937136810717,1.0249819266930957,141,0,2024-01-18,91.6
2410581,Agility,114.03725000000001,115.42677777777777,0.151273,27.06115710577126,0.9879618247643289,180,1,2024-01-18,91.6
2410580,Agility,165.53749999999997,138.9691111111111,0.241139,36.17148337801673,1.1911819732922264,180,1,2024-01-18,83.2
2410715,TrueBeam,90.67609929078014,76.99021276595747,0.222411,18.912444729519322,1.1777613807410352,141,0,2024-01-18,91.9
2410778,TrueBeam,25.21013888888888,30.418777777777777,0.430002,5.435936092297178,0.8287689621542247,180,1,2024-01-18,97.2
2410308,TrueBeam,92.49502777777778,159.91477777777774,0.184735,36.072070564764445,0.5784020030113263,180,1,2024-01-18,77.9
2409080,TrueBeam,62.45388888888889,116.57744444444445,0.171138,19.981195443826987,0.5357287525602913,180,1,2024-01-11,93.2
2409014,Agility,20.254583333333333,31.665333333333333,0.139996,8.089753273456076,0.6396453534885679,180,1,2024-01-11,81.5
2409130,Agility,66.83169444444444,58.25433333333333,0.177918,14.823517103811891,1.147239881057966,180,1,2024-01-11,87.5
2408961,Agility,58.67769444444445,87.62766666666667,0.130879,23.367864532723658,0.669625207158064,180,1,2024-01-11,84.7
2408936,Agility,12.341805555555556,24.008111111111106,0.127723,6.147548859073838,0.5140681621489035,180,1,2024-01-11,89.0
2408960,Agility,57.945416666666674,86.95888888888888,0.124615,24.12307132287512,0.6663541520258617,180,1,2024-01-11,84.1
2409015,Agility,8.678583333333334,25.309888888888892,0.074431,4.790127018922194,0.3428929842968712,180,1,2024-01-11,82.6
2409081,TrueBeam,89.84775,136.30744444444446,0.250713,18.102131141038054,0.6591551207360484,180,1,2024-01-11,94.9
2409065,Agility,46.75866666666666,45.79322222222221,0.35903,13.302640275893232,1.021082692974943,180,1,2024-01-11,88.7
2408951,Agility,211.31813888888888,117.78277777777778,0.316451,21.14176733690006,1.7941344471225278,180,1,2024-01-11,96.6
2408950,Agility,197.8906388888889,93.0191111111111,0.253118,21.359570090443075,2.127419156397969,180,1,2024-01-11,90.9
2409068,Agility,56.50854166666667,57.77833333333333,0.368129,17.936733910216283,0.9780230478553092,24,0,2024-01-11,89.4
2408898,Agility,16.14097222222222,31.697666666666667,0.089421,6.785803199279885,0.5092164162100961,180,1,2024-01-11,71.5
2408932,TrueBeam,78.42762376237624,59.712277227722765,0.274432,15.765670682914076,1.3134254361674964,101,0,2024-01-11,87.7
2409067,Agility,91.38612903225805,57.20129032258063,0.581534,18.82790365905409,1.5976235591346915,31,0,2024-01-11,93.0
2408986,Agility,72.31411111111112,76.71788888888888,0.240657,20.98740145355211,0.9425977716337348,180,1,2024-01-11,84.1
2409006,TrueBeam,24.06019444444444,28.936222222222224,0.31538,8.191721402243239,0.8314905193797852,180,1,2024-01-11,99.8
2408987,Agility,68.38311111111112,77.4401111111111,0.225208,21.075399928886966,0.8830451058237121,180,1,2024-01-11,81.8
2408933,TrueBeam,64.12371287128713,57.99227722772278,0.218331,15.825808145409962,1.1057284855272635,101,0,2024-01-11,90.4
2409016,Agility,11.938638888888889,34.811,0.156601,4.71569896028618,0.34295593027746657,180,1,2024-01-11,91.4
2408934,Agility,6.447694444444445,18.105444444444444,0.089036,5.2566805558645004,0.35611909247678725,180,1,2024-01-11,80.0
2408830,Agility,71.02974999999999,85.41977777777778,0.21148,22.260293242316,0.8315375179830847,180,1,2024-01-11,75.3
2408959,TrueBeam,18.008277777777778,27.06577777777778,0.128742,8.715033786490844,0.6653523104207034,180,1,2024-01-11,84.9
2409037,TrueBeam,26.023791208791213,29.416483516483517,0.19027,7.0306137458016185,0.8846669655198178,91,0,2024-01-11,95.7
2408831,Agility,73.16477777777777,82.88588888888889,0.218346,22.23182314735472,0.8827169347952272,180,1,2024-01-11,76.9
2408935,Agility,6.499249999999999,17.984333333333332,0.095862,5.373149126160635,0.3613839823550127,180,1,2024-01-11,82.0
2408954,Agility,14.383999999999999,26.517666666666667,0.149066,6.328722190645602,0.5424308322753384,180,1,2024-01-11,93.4
2408981,TrueBeam,71.01155555555555,67.0898888888889,0.258979,17.433840716076283,1.0584539150625445,180,1,2024-01-11,98.9
2403177,Agility,69.16216666666668,82.51611111111112,0.185551,21.417747951015784,0.8381656107561487,180,1,2023-12-14,82.8
2403209,TrueBeam,61.359444444444435,115.59977777777777,0.174128,20.73422561965277,0.530792062268478,180,1,2023-12-14,96.4
2403383,TrueBeam,61.53327777777777,50.707777777777785,0.33207,13.727414357733744,1.213487959331244,180,1,2023-12-14,89.7
2403382,TrueBeam,28.110722222222225,41.95744444444445,0.194827,11.804918035607862,0.6699817539994227,180,1,2023-12-14,94.5
2403072,TrueBeam,38.692388888888885,49.717333333333336,0.229208,12.903223120368704,0.7782474701423155,180,1,2023-12-14,90.3
2403208,TrueBeam,80.85397222222223,115.55677777777778,0.251959,20.710693569110898,0.6996904359665427,180,1,2023-12-14,97.9
2403346,Agility,44.79280555555556,41.60377777777778,0.175852,10.787749922694523,1.0766523606296436,180,1,2023-12-14,91.2
2403106,Agility,141.76363888888886,126.48522222222222,0.156723,31.35983558069436,1.1207921083446726,180,1,2023-12-14,64.9
2403370,Agility,14.950495049504946,24.93663366336634,0.272002,6.257309035957574,0.5995394266656077,101,0,2023-12-14,91.8
2403275,TrueBeam,10.865833333333333,16.869888888888887,0.216599,4.304640368250888,0.6440963188850615,180,1,2023-12-14,99.0
2402956,Agility,170.69519801980198,95.51326732673267,0.348409,28.55453013455287,1.7871359947920769,101,0,2023-12-14,70.0
2403329,Agility,64.64302777777779,42.882333333333335,0.338848,10.241716915137438,1.5074512684581325,180,1,2023-12-14,95.1
2403427,TrueBeam,32.345083333333335,43.74622222222222,0.141341,12.339064080898952,0.739380035355434,180,1,2023-12-14,88.7
2402962,Agility,165.69767326732673,93.3718811881188,0.361238,26.763810376932163,1.7745992814848748,101,0,2023-12-14,81.5
2403105,Agility,135.76802777777777,121.88177777777778,0.155169,29.239578831035473,1.1139321254840755,180,1,2023-12-14,61.1
2403369,Agility,13.725841584158415,22.697821782178224,0.215312,5.636115850968026,0.6047206518704632,101,0,2023-12-14,93.5
2403071,TrueBeam,31.354416666666665,50.75111111111111,0.202983,13.768307061657737,0.6178074918994658,180,1,2023-12-14,89.3
2403381,TrueBeam,24.139777777777777,41.25055555555556,0.161899,11.457418707524713,0.5851988525407065,180,1,2023-12-14,95.8
2403178,Agility,73.19658333333332,82.08611111111111,0.189083,21.8548362801383,0.8917048492436803,180,1,2023-12-14,79.7
2403247,Agility,13.658305555555556,22.956222222222223,0.179172,6.813429819457259,0.5949718304405487,180,1,2023-12-14,90.1
2416174,Agility,91.91161111111111,62.83211111111112,0.310676,16.89652328279396,1.4628127160740525,180,1,2024-02-09,88.2
2416142,Agility,58.73211111111112,79.50600000000001,0.14796,20.471232026290206,0.7387129413014252,180,1,2024-02-09,78.9
2416007,Agility,29.544638888888894,41.95133333333333,0.159213,13.677191418995136,0.7042598301735875,180,1,2024-02-09,91.3
2416314,Agility,94.41619047619048,67.44476190476192,0.617859,17.57328990447253,1.3999039778584237,21,0,2024-02-09,97.7
2416084,Agility,42.61297169811321,47.688301886792445,0.301259,11.938266739736607,0.8935728472628867,106,0,2024-02-09,88.1
2416315,Agility,78.13975409836067,78.68229508196721,0.250544,17.37109313978398,0.9931046624524443,61,0,2024-02-09,83.6
2416006,Agility,31.784222222222223,41.881,0.171693,12.238655441365633,0.758917461909272,180,1,2024-02-09,91.2
2415734,Agility,106.53227777777776,116.43100000000001,0.13675,33.99783556246376,0.9149820733118994,180,1,2024-02-09,82.9
2416328,Agility,34.309250000000006,51.19088888888889,0.129167,13.60986198983572,0.6702218059637349,180,1,2024-02-09,81.4
2416144,Agility,61.318,60.97911111111111,0.112663,14.090803978018656,1.0055574586561518,180,1,2024-02-09,91.9
2416083,Agility,35.10655660377359,43.753584905660375,0.234344,11.587460148904462,0.8023698327684202,106,0,2024-02-09,89.1
2416332,Agility,46.15969444444444,35.12388888888889,0.345378,8.209669376760756,1.3141965740316022,180,1,2024-02-09,93.4
2416277,TrueBeam,48.62583333333333,72.04400000000001,0.197557,16.030624800910367,0.6749463290951825,180,1,2024-02-09,94.7
2416173,Agility,91.4073888888889,65.15988888888889,0.329005,17.970036425881084,1.4028168317591432,180,1,2024-02-09,83.4
2416333,Agility,38.24686111111111,32.96911111111111,0.251905,7.399554468678266,1.1600816589265373,180,1,2024-02-09,94.6
2416329,Agility,82.02712389380531,79.64230088495574,0.291647,17.774402677427517,1.0299441751726193,113,0,2024-02-09,93.1
2416193,TrueBeam,76.68225,149.98944444444444,0.175178,31.858430760663104,0.5112509769205981,180,1,2024-02-09,83.2
2416279,TrueBeam,36.3406338028169,56.64338028169015,0.155478,14.398192520717307,0.6415689463109944,71,0,2024-02-09,94.5
2416632,Agility,15.083888888888886,28.80144444444445,0.097624,7.009947067321898,0.523719875160582,180,1,2024-02-09,66.8
2416327,TrueBeam,26.488361111111114,25.898444444444447,0.279733,5.578861885707663,1.0227780733291576,180,1,2024-02-09,97.7
2416331,Agility,81.11311111111111,97.34277777777775,0.198646,25.296196737230623,0.8332730271606067,180,1,2024-02-09,86.6
2416278,TrueBeam,58.05719444444445,111.81477777777778,0.217657,16.04663541230615,0.5192264886473961,180,1,2024-02-09,93.3
2416192,TrueBeam,94.34419444444444,156.23511111111108,0.222322,31.926785288503094,0.6038603856296352,180,1,2024-02-09,90.1
2416080,Agility,41.86902777777778,40.98266666666667,0.370976,10.726621429910248,1.0216277071065274,180,1,2024-02-09,94.7
2416079,Agility,41.81172222222222,40.17933333333333,0.355696,10.535095336534383,1.0406275752598075,180,1,2024-02-09,93.3
2416307,Agility,15.428083333333335,25.13588888888889,0.292433,7.89305079917816,0.6137870596712095,180,1,2024-02-09,86.1
2416176,Agility,89.49977777777778,96.87399999999998,0.179295,24.49523090289363,0.9238782106424613,180,1,2024-02-09,86.8
2416273,Agility,74.59291666666665,86.51288888888888,0.219608,20.03281087380578,0.8622173831516433,180,1,2024-02-09,94.8
2416300,TrueBeam,55.11930555555555,47.66766666666667,0.327269,12.298012279594403,1.15632480903664,180,1,2024-02-09,99.0
2416316,Agility,91.84,66.0847619047619,0.564345,18.06005700696121,1.389730360719999,21,0,2024-02-09,95.8
2416141,Agility,65.0038888888889,77.97111111111111,0.161961,20.921393716824866,0.8336919656852966,180,1,2024-02-09,79.6
2416317,Agility,116.30852459016391,105.59934426229509,0.323736,21.212579685798985,1.1014133222387121,61,0,2024-02-09,92.6
2416194,TrueBeam,86.85330555555558,126.73344444444444,0.235533,18.190334493789358,0.6853226939131214,180,1,2024-02-09,95.6
2416340,TrueBeam,56.33100000000001,49.23666666666666,0.313081,11.107611498578429,1.1440863854850725,180,1,2024-02-09,91.3
2416272,Agility,93.29922222222223,68.01066666666665,0.364508,20.963046163379552,1.3718321962567968,180,1,2024-02-09,83.7
2416360,TrueBeam,14.136694444444442,29.77588888888889,0.16836,7.607333381992324,0.47476985480422257,180,1,2024-02-09,91.4
2416177,Agility,35.45033333333333,46.13033333333334,0.114345,15.505515453532265,0.7684820544688599,180,1,2024-02-09,87.6
2416120,Agility,101.8956388888889,54.12655555555555,0.441779,11.851488042172697,1.8825443046029988,180,1,2024-02-09,97.2
2403024,Agility,5.937722222222222,13.151222222222222,0.191207,3.673205912977587,0.4514958474497512,180,1,2023-12-13,86.3
2403087,Agility,42.00197222222222,40.428,0.312843,11.62525430447266,1.0389327253938414,180,1,2023-12-13,92.4
2402819,Agility,37.43183333333333,58.04155555555556,0.178254,14.7520448362728,0.6449143716953752,180,1,2023-12-13,87.4
2403080,Agility,27.091333333333335,42.19555555555556,0.17074,11.781465646814974,0.6420423425321256,180,1,2023-12-13,89.7
2403079,Agility,64.62977777777778,72.20477777777778,0.195234,20.400230760367748,0.8950900448262118,180,1,2023-12-13,91.8
2402937,TrueBeam,10.968305555555556,25.52422222222222,0.160027,7.018439021130116,0.4297214410712265,180,1,2023-12-13,93.7
2403078,Agility,74.11325,76.42311111111111,0.23672,18.076533479473213,0.9697753588210662,180,1,2023-12-13,76.1
2403081,Agility,35.262972222222224,43.102444444444444,0.225368,11.988548595067916,0.8181200086615351,180,1,2023-12-13,88.2
2403104,Agility,155.3767307692308,69.6623076923077,0.716888,19.16631120231139,2.230427557116198,26,0,2023-12-13,94.1
2402938,TrueBeam,12.49452777777778,32.86566666666666,0.175566,5.525150490959028,0.38016961300377644,180,1,2023-12-13,97.1
2402685,Agility,18.737694444444447,51.91477777777778,0.115875,7.640227904231784,0.3609318049024791,180,1,2023-12-13,92.8
2402684,Agility,16.424555555555553,32.373333333333335,0.078931,8.037989464435572,0.50734829763866,180,1,2023-12-13,88.0
2402820,Agility,36.78761111111111,56.65755555555555,0.124206,14.589935154762156,0.6492975341133281,180,1,2023-12-13,85.0
2402965,Agility,24.487277777777784,48.78166666666667,0.197093,8.741628727916067,0.5019770633320807,180,1,2023-12-13,90.9
2403088,Agility,38.36613888888889,40.37188888888889,0.260841,11.229261165465804,0.9503181531703854,180,1,2023-12-13,92.9
2403047,TrueBeam,7.203138888888889,18.694555555555556,0.142798,5.372618338103969,0.3853067738081794,180,1,2023-12-13,96.8
2403084,Agility,44.486111111111114,54.19788888888889,0.242618,15.956406460551019,0.8208089285970549,180,1,2023-12-13,90.3
2403085,Agility,47.643777777777785,57.63211111111111,0.295569,14.704862168681181,0.8266880539205576,180,1,2023-12-13,94.0
2403103,Agility,106.0557281553398,77.18116504854369,0.298373,18.301855591668975,1.3741141130564074,103,0,2023-12-13,93.0
2402821,Agility,37.534166666666664,38.906333333333336,0.321043,10.195511599393415,0.9647315347115721,180,1,2023-12-13,93.9
2402964,Agility,22.059944444444447,42.92766666666667,0.113202,8.982241335952168,0.5138864084027654,180,1,2023-12-13,82.3
2410167,Agility,73.42477777777778,74.725,0.191295,17.55324408364057,0.9825999033493179,180,1,2024-01-16,91.2
2410223,Agility,45.76061111111112,71.67955555555557,0.160519,22.022613364170546,0.6384053410549421,180,1,2024-01-16,83.9
2410151,Agility,83.06125,107.93466666666666,0.137628,27.65879348493022,0.7695511791083496,180,1,2024-01-16,70.6
2410150,Agility,67.29408333333335,101.27188888888888,0.127168,26.558216450702727,0.6644892681637004,180,1,2024-01-16,67.0
2409977,TrueBeam,17.755861111111113,36.82866666666667,0.138792,11.0933461187544,0.48212066083787386,180,1,2024-01-16,73.1
2409668,Agility,119.20744444444445,95.59288888888888,0.323522,23.091644690554787,1.247032554722806,180,1,2024-01-16,80.5
2410222,Agility,39.694861111111116,67.40755555555555,0.15034,20.274482671904334,0.5888785134538167,180,1,2024-01-16,91.8
2410166,Agility,45.73244444444445,68.05911111111111,0.157342,17.392439459028136,0.6719518327205763,180,1,2024-01-16,87.8
2410182,Agility,107.47995689655173,90.00258620689655,0.220343,23.495988033048725,1.194187427564342,116,0,2024-01-16,91.4
2410194,Agility,66.4271568627451,41.38823529411764,0.509293,10.331487330167526,1.6049767860526816,51,0,2024-01-16,95.9
2410073,TrueBeam,9.431527777777779,20.795777777777783,0.099087,6.5026288640048024,0.45353089836612126,180,1,2024-01-16,92.3
2409907,Agility,33.949999999999996,30.397142857142864,0.583368,7.873036197284764,1.1168812858351345,21,0,2024-01-16,100.0
2409045,TrueBeam,13.822055555555558,20.406,0.241398,5.971021120347457,0.6773525215895109,180,1,2024-01-16,85.9
2409906,Agility,23.218541666666667,32.11,0.323418,8.053918810702228,0.7230937921727396,96,0,2024-01-16,97.4
2410048,Agility,148.64144444444446,128.59377777777777,0.148092,33.669135375183565,1.1558991967815966,180,1,2024-01-16,80.1
2410176,Agility,113.32738888888889,106.05077777777777,0.179857,24.846030488209955,1.0686144058873266,180,1,2024-01-16,83.0
2410025,Agility,47.55763888888889,43.90899999999999,0.437631,11.638726044784454,1.083095467646471,180,1,2024-01-16,98.8
2410195,Agility,63.85029411764705,39.07764705882353,0.550724,10.674009399165822,1.6339339474951828,51,0,2024-01-16,91.5
2410175,Agility,82.39627777777777,98.24255555555554,0.128482,24.46951767954007,0.8387025084173751,180,1,2024-01-16,79.9
2410026,Agility,50.80605555555556,46.95344444444445,0.407205,11.909742747286838,1.0820517249947348,180,1,2024-01-16,96.6
2410181,Agility,93.16806034482757,85.73534482758622,0.19356,23.460254178522185,1.0866937146189655,116,0,2024-01-16,92.5
2410046,Agility,227.04955555555554,144.0382222222222,0.270902,33.05055785738855,1.5763146201934055,180,1,2024-01-16,91.2
2410221,Agility,38.84583333333333,72.23688888888888,0.138413,20.801018866162146,0.5377561787452394,180,1,2024-01-16,82.1
2409978,TrueBeam,18.35397222222222,36.96833333333334,0.129116,11.887120212250148,0.49647821709270684,180,1,2024-01-16,74.4
2410094,Agility,2.771166666666667,11.284444444444444,0.097263,3.9087312440208812,0.24557404489956677,180,1,2024-01-16,77.2
2409670,Agility,96.49933333333333,94.4058888888889,0.257434,21.75982909085258,1.02217493494403,180,1,2024-01-16,85.2
2410164,Agility,34.380250000000004,44.92166666666667,0.195759,10.37774650707851,0.7653378102623085,180,1,2024-01-16,75.8
2413248,TrueBeam,122.87033333333335,158.0308888888889,0.195925,32.862648655660884,0.7775083352199781,180,1,2024-01-29,74.5
2413272,Agility,161.78642857142856,139.63238095238094,0.371676,29.382947748612366,1.1586598142060103,21,0,2024-01-29,87.5
2413356,TrueBeam,27.647,31.64377777777778,0.237038,8.92117355241904,0.8736946705337892,180,1,2024-01-29,99.5
2413229,TrueBeam,17.048,30.317999999999998,0.235416,7.116137164947156,0.5623062207269609,180,1,2024-01-29,85.1
2413253,TrueBeam,140.21036111111113,161.62866666666667,0.22424,32.75241804238013,0.8674844877627594,180,1,2024-01-29,78.4
2412966,Agility,64.62122448979594,54.8565306122449,0.300132,14.894113255437496,1.178004218797085,98,0,2024-01-29,83.3
2413249,TrueBeam,68.31524999999999,131.71355555555556,0.169823,15.949077116448846,0.5186652938784668,180,1,2024-01-29,97.9
2413422,TrueBeam,19.787388888888888,25.58288888888889,0.325281,7.938078738042768,0.7734618625296422,180,1,2024-01-29,97.5
2413176,Agility,79.26166666666666,84.2748888888889,0.195694,20.88740297715328,0.9405134520102203,180,1,2024-01-29,82.3
2413242,Agility,10.194916666666664,27.318666666666665,0.056422,6.1206382533664065,0.3731850017082336,180,1,2024-01-29,68.1
2413405,Agility,39.10058333333333,33.980888888888884,0.391856,9.278944704414462,1.1506639352838852,180,1,2024-01-29,85.7
2413235,Agility,63.28483333333334,76.86755555555555,0.116005,22.937868352427937,0.8232970708635923,180,1,2024-01-29,79.4
2413262,TrueBeam,75.41712871287127,76.02772277227722,0.243753,20.25966032114876,0.9919687972078971,101,0,2024-01-29,98.4
2413274,Agility,178.76857142857142,157.77904761904762,0.333737,26.90422930789694,1.1330311224859357,21,0,2024-01-29,86.2
2413018,Agility,55.91627777777778,44.244,0.380175,11.914102933790305,1.2638160604325508,180,1,2024-01-29,90.7
2413019,Agility,54.57677777777778,44.53655555555555,0.338352,12.141863693480524,1.2254377802005345,180,1,2024-01-29,91.0
2413263,TrueBeam,94.87158415841584,74.40851485148517,0.307569,19.599453290592244,1.2750097801007547,101,0,2024-01-29,98.5
2413150,Agility,60.51638888888889,78.804,0.132278,22.460568692234524,0.7679354967880931,180,1,2024-01-29,83.7
2413078,Agility,35.95902777777778,38.595,0.305364,10.61274105006514,0.9317017172633185,180,1,2024-01-29,91.0
2413016,Agility,140.99852777777778,102.46600000000001,0.348645,22.505142633966216,1.3760518394177363,180,1,2024-01-29,89.3
2412963,Agility,65.98244897959184,89.35816326530613,0.197576,25.577855487389805,0.7384042662525264,98,0,2024-01-29,87.6
2413149,Agility,69.22833333333334,80.20488888888889,0.14745,21.721921493205112,0.8631435601043994,180,1,2024-01-29,85.0
2413260,TrueBeam,24.90258241758242,25.932747252747255,0.217633,6.775514792119022,0.9602755224841941,91,0,2024-01-29,99.7
2413077,Agility,34.94341666666667,39.75011111111111,0.286977,11.13452681997505,0.8790772073313563,180,1,2024-01-29,89.4
2413061,Agility,101.09044444444444,60.36888888888889,0.402519,14.878144663186987,1.674545387616874,180,1,2024-01-29,90.9
2413348,TrueBeam,55.68302083333333,40.402499999999996,0.428708,11.1189976772689,1.3782073097786853,96,0,2024-01-29,98.0
2413349,TrueBeam,54.687291666666674,42.649166666666666,0.390546,11.149228634059948,1.2822593251138164,96,0,2024-01-29,99.0
2413277,Agility,135.61478873239437,151.47436619718312,0.191457,32.317569171691744,0.8952986048864308,71,0,2024-01-29,81.0
2413241,Agility,29.669055555555556,49.3571111111111,0.067475,10.956472466910977,0.6011100505612161,180,1,2024-01-29,81.5
2413017,Agility,166.72055555555556,101.82066666666667,0.358094,23.453979828295285,1.6373940675654146,180,1,2024-01-29,92.8
2413369,TrueBeam,10.742277777777778,16.23,0.292922,4.756545173640502,0.6618778667762032,180,1,2024-01-29,99.7
2412965,Agility,68.27801020408162,91.15020408163265,0.143244,24.59841335594136,0.749071391468668,98,0,2024-01-29,85.1
2413270,Agility,184.10704225352114,162.55267605633804,0.218259,33.52155414768596,1.132599270095761,71,0,2024-01-29,87.9
2413175,Agility,67.14372222222222,81.475,0.180839,20.957127571351407,0.8241021444887662,180,1,2024-01-29,85.8
2412568,TrueBeam,25.879555555555555,25.043111111111113,0.495452,6.133176968068781,1.0334001810211724,180,1,2024-01-29,99.3
2412876,TrueBeam,32.30481481481482,28.864197530864196,0.379502,8.326896129999364,1.1192001710863988,81,0,2024-01-29,98.7
2412964,Agility,182.0476923076923,120.33153846153846,0.57279,23.349423509057097,1.5128842748560067,26,0,2024-01-29,86.1
2410464,Agility,95.3715,95.57211111111111,0.17917,20.225208978001557,0.9979009450688194,180,1,2024-01-17,96.0
2410412,Agility,16.11032258064516,29.094193548387096,0.314437,7.969516024552448,0.5537298208266809,31,0,2024-01-17,93.8
2410384,Agility,43.41144444444445,48.68455555555556,0.393218,12.309611501199038,0.8916882150624998,180,1,2024-01-17,98.6
2410347,Agility,24.32131868131868,29.550769230769234,0.219511,7.150289044419965,0.8230350449217586,91,0,2024-01-17,96.7
2410229,TrueBeam,67.47886111111112,56.30744444444444,0.335477,14.467651082671157,1.1984003496675988,180,1,2024-01-17,98.5
2410383,Agility,35.55319444444444,46.22000000000001,0.300429,10.769292143521046,0.7692166690706281,180,1,2024-01-17,96.5
2410377,Agility,65.40327777777777,49.897000000000006,0.341078,14.714027088659066,1.3107657329654643,180,1,2024-01-17,95.2
2410463,Agility,96.29083333333332,91.87055555555555,0.211351,23.143170092256575,1.048114194488622,180,1,2024-01-17,91.4
2410455,Agility,59.17116666666667,56.59733333333334,0.199051,14.366378395371406,1.0454762297399172,180,1,2024-01-17,91.0
2410228,TrueBeam,68.01063888888888,57.07733333333332,0.361793,14.32012422696272,1.1915524940821032,180,1,2024-01-17,99.3
2410401,Agility,213.43199999999996,85.17566666666666,0.325158,24.300002039138878,2.5057860813143034,180,1,2024-01-17,92.2
2410456,Agility,57.05683333333333,53.628888888888895,0.202079,14.25307592979945,1.0639197364604482,180,1,2024-01-17,87.3
2410211,Agility,64.67761111111112,81.39966666666666,0.159721,21.37852786677934,0.7945685008265119,180,1,2024-01-17,80.6
2407366,Agility,68.50169444444444,69.16333333333333,0.157066,18.182946604235408,0.9904336755184989,180,1,2024-01-17,88.1
2410421,TrueBeam,53.053811881188125,111.29049504950495,0.202876,12.295408834508304,0.47671467233197573,101,0,2024-01-17,99.5
2410498,Agility,28.98388888888889,35.83244444444445,0.18444,8.915916815389782,0.8088727782394602,180,1,2024-01-17,93.7
2410420,TrueBeam,49.13633663366337,58.12158415841583,0.168015,14.540689880866722,0.8454060112975874,101,0,2024-01-17,96.2
2410174,Agility,29.26782178217822,38.55485148514852,0.12833,10.102267726741186,0.759121632032542,101,0,2024-01-17,75.2
2407367,Agility,63.05608333333334,70.18977777777778,0.153373,18.789988631715858,0.8983656214580156,180,1,2024-01-17,87.4
2410210,Agility,57.429722222222225,80.6091111111111,0.140063,21.443023116412604,0.7124470352124519,180,1,2024-01-17,82.0
2410379,Agility,28.614194444444447,29.71655555555556,0.185964,7.249089290013397,0.9629041424720227,180,1,2024-01-17,92.4
2410431,Agility,27.140198019801982,50.94376237623762,0.094567,9.29512395301918,0.5327482061368389,101,0,2024-01-17,79.2
2410411,Agility,13.899313725490194,23.635294117647057,0.163374,6.139277870061117,0.5880744980919197,51,0,2024-01-17,91.3
2410368,Agility,60.33702777777777,74.38844444444445,0.178281,18.440927602768475,0.8111075346230596,180,1,2024-01-17,81.7
2410485,TrueBeam,15.699835164835164,53.189010989010974,0.156604,7.5175398871425205,0.2951706541052023,91,0,2024-01-17,93.4
2410369,Agility,53.572638888888896,69.92355555555555,0.138958,18.28840505296008,0.7661601081816334,180,1,2024-01-17,86.5
2410410,Agility,12.704910714285713,25.384642857142858,0.215322,7.193086084740559,0.5004959410217088,56,0,2024-01-17,93.5
2402731,Agility,39.38377777777778,45.94777777777778,0.402271,9.465138980621862,0.8571421662273596,180,1,2023-12-12,93.9
2402727,Agility,22.19697222222222,31.89777777777778,0.301294,8.278691176380915,0.6958783265988574,180,1,2023-12-12,90.0
2402662,Agility,42.37230555555556,56.43333333333333,0.221605,12.950839020826132,0.7508382555621187,180,1,2023-12-12,95.1
2402588,Agility,123.35111111111111,70.96322222222221,0.497046,20.497378749114503,1.7382399959916641,180,1,2023-12-12,93.1
2402117,TrueBeam,85.715625,47.98,0.667133,12.384014188846901,1.786486556898708,24,0,2023-12-12,97.1
2402639,Agility,142.33244444444446,92.14166666666667,0.323863,20.444910160034,1.54471315305538,180,1,2023-12-12,92.6
2402642,TrueBeam,85.31877777777778,53.230888888888884,0.449282,13.801955348701012,1.6028058061526518,180,1,2023-12-12,95.8
2402707,TrueBeam,48.756611111111106,58.2898888888889,0.164234,15.837231837275612,0.8364505755715206,180,1,2023-12-12,89.8
2402711,TrueBeam,55.28919444444445,117.93100000000001,0.163447,20.793491524721176,0.46882663968290306,180,1,2023-12-12,97.4
2402593,Agility,25.49086111111111,32.27311111111111,0.156273,8.220566123847219,0.789848274105034,180,1,2023-12-12,90.7
2402710,TrueBeam,57.6485,115.04344444444445,0.165188,20.85798677435444,0.5011019991481479,180,1,2023-12-12,90.7
2402585,TrueBeam,31.915444444444447,28.33322222222222,0.409478,8.054547308338904,1.1264318683602683,180,1,2023-12-12,100.0
2402643,TrueBeam,85.97780555555556,50.532444444444444,0.456451,13.236170341123671,1.7014376901968373,180,1,2023-12-12,97.2
2402116,TrueBeam,60.5545,49.390888888888895,0.300621,11.362544325358336,1.2260257177437133,180,1,2023-12-12,96.4
2402570,TrueBeam,8.077055555555557,20.969444444444445,0.110966,7.082343502909453,0.3851821433302425,180,1,2023-12-12,98.8
2402726,TrueBeam,53.9359375,34.75,0.638495,8.234511042686846,1.5521133093525181,16,0,2023-12-12,100.0
2402663,Agility,38.68713888888889,44.12155555555556,0.16959,11.58304835450991,0.8768308007675764,180,1,2023-12-12,85.0
2402629,Agility,105.87513888888887,89.33622222222222,0.217733,21.07391626663327,1.1851311400377598,180,1,2023-12-12,88.6
2402412,TrueBeam,42.705194444444444,32.32766666666667,0.450373,6.602074864051183,1.3210107269658942,180,1,2023-12-12,97.4
2402644,Agility,23.706305555555556,40.727333333333334,0.134174,11.36643525937014,0.5820736005849197,180,1,2023-12-12,88.0
2402594,TrueBeam,12.271777777777778,22.25755555555556,0.196595,6.317838640784834,0.5513533481763995,180,1,2023-12-12,98.4
2402776,Agility,58.58300000000001,46.262,0.212849,11.70031182755239,1.2663308979291863,180,1,2023-12-12,88.7
2402648,Agility,15.193444444444443,25.986777777777778,0.222259,6.934828008596842,0.5846605752498065,180,1,2023-12-12,90.9
2402560,TrueBeam,105.11227777777779,79.02666666666666,0.347276,17.97003642588108,1.3300861875035153,180,1,2023-12-12,99.1
2402777,Agility,112.9642222222222,100.62855555555555,0.130511,27.53353164208383,1.1225861446441643,180,1,2023-12-12,56.5
2402468,Agility,37.76552777777778,40.91355555555556,0.346356,11.142241335952168,0.9230566071554659,180,1,2023-12-12,94.6
2402254,Agility,106.04025000000001,70.64944444444446,0.240865,18.427420741885598,1.5009353694689744,180,1,2023-12-12,87.2
2402645,Agility,22.464916666666664,39.762777777777785,0.141699,11.488080210568324,0.5649735235354112,180,1,2023-12-12,85.7
2402538,Agility,40.273722222222226,37.62122222222222,0.367709,8.603179834509438,1.0705054180412357,180,1,2023-12-12,94.3
2402467,Agility,35.51216666666667,43.64644444444444,0.288924,11.28597731130652,0.8136325219312762,180,1,2023-12-12,92.4
2402559,TrueBeam,123.07177777777778,76.7161111111111,0.404136,17.870125699488277,1.6042494333364716,180,1,2023-12-12,96.6
2402630,Agility,83.47794444444445,86.182,0.214152,21.23559244867318,0.9686238941361821,180,1,2023-12-12,90.1
2402647,Agility,14.832388888888891,25.695111111111114,0.215828,6.996391634395463,0.5772455633583561,180,1,2023-12-12,94.1
2402498,Agility,20.577416666666668,28.45866666666667,0.142433,6.646040914924523,0.7230632730509745,180,1,2023-12-12,95.1
2402772,Agility,133.0691666666667,90.56533333333333,0.34867,20.457851112289124,1.4693168099640779,180,1,2023-12-12,91.6
2402660,Agility,247.31622222222222,90.38711111111111,0.580151,23.719540233953463,2.736189033834716,180,1,2023-12-12,98.1
2402586,Agility,59.19327777777778,73.77122222222222,0.146112,19.853731309680043,0.8023898207822684,180,1,2023-12-12,86.3
2402640,Agility,128.24955555555556,95.23466666666666,0.298153,20.250795876207107,1.3466688134106164,180,1,2023-12-12,92.3
2402587,Agility,61.06519444444445,75.26466666666667,0.15273,19.991437383221342,0.8113394657667313,180,1,2023-12-12,85.6
2402732,TrueBeam,38.27505208333333,32.42625,0.383931,7.94645903366283,1.18037244773396,96,0,2023-12-12,99.4
2402661,Agility,44.16236111111112,50.43333333333333,0.185538,12.700317547305483,0.8756581846221636,180,1,2023-12-12,86.8
2402773,Agility,109.7345,89.33822222222223,0.267199,19.403926810665197,1.228304048037172,180,1,2023-12-12,94.4
2403455,TrueBeam,54.74216666666667,122.11411111111111,0.123212,21.351509586527563,0.44828698476015605,180,1,2023-12-15,95.5
2403501,Agility,34.87211111111112,31.59177777777778,0.371123,8.865956678136635,1.1038350344323067,180,1,2023-12-15,92.7
2403537,Agility,49.74436111111113,108.64466666666667,0.070235,21.922063637341303,0.45786289044203243,180,1,2023-12-15,60.3
2403409,Agility,81.07480198019802,84.76059405940596,0.170486,22.18079875801454,0.9565152637247364,101,0,2023-12-15,77.9
2403389,Agility,68.26252777777778,88.57588888888888,0.146897,22.27623201708022,0.7706671491991174,180,1,2023-12-15,78.2
2403388,Agility,62.52202777777778,84.79033333333332,0.140813,22.027838150249394,0.7373721192012194,180,1,2023-12-15,82.3
2403536,Agility,37.15686111111111,90.86966666666666,0.069111,27.880373626670714,0.4089027997363746,180,1,2023-12-15,66.5
2403500,Agility,33.94615384615384,31.86076923076923,0.443409,8.461987531258233,1.0654530529467152,26,0,2023-12-15,96.2
2403668,TrueBeam,29.35025,42.22955555555556,0.20049,11.800691852990456,0.695016786558124,180,1,2023-12-15,95.2
2403503,TrueBeam,17.45525,27.52688888888889,0.252614,8.212426925851439,0.6341163387717867,180,1,2023-12-15,96.2
2403391,Agility,76.9106388888889,85.29733333333334,0.293901,18.282626891084412,0.9016769444401024,180,1,2023-12-15,90.9
2403610,Agility,40.78988888888889,42.563,0.259082,10.643942947160888,0.958341491175173,180,1,2023-12-15,84.8
2403558,Agility,8.516666666666667,21.43422222222222,0.106118,5.92496448028567,0.3973396645032866,180,1,2023-12-15,84.5
2403667,TrueBeam,25.46986111111111,41.88733333333333,0.164652,11.644323096146397,0.6080563999724128,180,1,2023-12-15,95.3
2403535,Agility,48.72708333333333,105.52866666666665,0.085966,31.43973670974872,0.4617426228576122,180,1,2023-12-15,74.2
2403489,Agility,94.26836111111112,69.38511111111112,0.306848,15.554691072101743,1.3586252093788933,180,1,2023-12-15,87.4
2403488,Agility,96.91125000000001,71.92911111111111,0.335141,16.14065081523062,1.3473161075256195,180,1,2023-12-15,83.1
2403559,Agility,11.015361111111108,30.431111111111115,0.17876,4.885481062169785,0.3619769607127208,180,1,2023-12-15,91.6
2403538,Agility,47.31686111111112,108.20966666666665,0.072044,20.98604703200144,0.4372701863768591,180,1,2023-12-15,49.4
2403390,Agility,54.213361111111105,69.41355555555555,0.203962,18.34479325322307,0.7810197976059752,180,1,2023-12-15,83.8
2403502,TrueBeam,11.98236111111111,20.024222222222225,0.14977,6.243809818902282,0.5983933347390382,180,1,2023-12-15,98.8
2403410,Agility,99.41995049504949,92.54495049504949,0.190295,26.251813705853536,1.0742882238655231,101,0,2023-12-15,89.0
2403509,Agility,92.95524999999999,60.93133333333333,0.379094,16.127805073273603,1.525573870039498,180,1,2023-12-15,87.8
2403661,Agility,28.093611111111112,27.770333333333333,0.432566,6.623421265599069,1.0116411198201118,180,1,2023-12-15,95.2
2403499,Agility,32.39677419354839,33.725806451612904,0.398492,8.23276792783189,0.9605930176948828,31,0,2023-12-15,97.0
2403564,TrueBeam,16.277194444444444,25.081888888888887,0.269691,7.816596976968818,0.6489620664755889,180,1,2023-12-15,98.4
2403456,TrueBeam,66.464,118.33166666666665,0.186252,21.12839088509356,0.5616755165565713,180,1,2023-12-15,96.2
2403641,Agility,200.06994444444442,86.55133333333333,0.474163,24.207178893869617,2.3115755325676988,180,1,2023-12-15,96.5
2403586,Agility,20.434805555555556,35.27422222222222,0.073256,8.610510342168809,0.5793127181322212,180,1,2023-12-15,72.5
2403565,Agility,23.13372222222222,35.8691111111111,0.135491,9.75346182032477,0.6449482996821779,180,1,2023-12-15,84.1
2403660,Agility,25.49538888888889,29.19155555555556,0.305443,6.404231328013998,0.8733823327903045,180,1,2023-12-15,87.9
2408916,Agility,60.18991666666666,41.72588888888889,0.378976,10.441303566029575,1.4425077157000847,180,1,2024-01-10,92.0
2408812,Agility,29.080444444444442,42.88322222222222,0.182538,13.097436757965491,0.6781310484027682,180,1,2024-01-10,88.0
2408613,Agility,33.79242647058823,48.39294117647059,0.184358,12.061971440151298,0.6982924709486068,136,0,2024-01-10,87.0
2408760,TrueBeam,15.993388888888886,24.5,0.21837,7.815902998787918,0.6527913832199546,180,1,2024-01-10,95.7
2408832,Agility,32.80363888888889,39.54188888888889,0.147604,9.673227916342988,0.829592106261433,180,1,2024-01-10,0.0
2408577,TrueBeam,36.38997222222223,51.791666666666664,0.188431,15.626360839850834,0.7026221507106464,180,1,2024-01-10,97.4
2408576,TrueBeam,39.49086111111111,57.044333333333334,0.222655,13.513172437011402,0.692283681892641,180,1,2024-01-10,99.4
2408757,Agility,63.96422222222223,51.13466666666667,0.201033,12.59220883195891,1.2508974124968495,180,1,2024-01-10,89.0
2408813,Agility,26.984805555555553,44.552555555555564,0.204521,13.402843231186464,0.6056847967319494,180,1,2024-01-10,83.0
2408642,Agility,42.70666666666668,57.12055555555556,0.236309,11.192081637058738,0.7476584611494209,180,1,2024-01-10,93.8
2408711,TrueBeam,27.859416666666664,34.38533333333333,0.29519,10.452273242101576,0.8102122028771958,180,1,2024-01-10,99.6
2408746,Agility,89.33680555555554,75.949,0.246226,17.673423225210364,1.1762736251373362,180,1,2024-01-10,87.8
2408710,TrueBeam,26.068666666666665,33.346000000000004,0.276467,9.838872105208601,0.7817629300865669,180,1,2024-01-10,98.8
2408614,Agility,33.363897058823525,52.39632352941177,0.174677,13.738279288622563,0.636760268878317,136,0,2024-01-10,84.9
2408751,TrueBeam,17.935583333333334,25.28477777777778,0.216574,7.7071989998448585,0.7093431269582489,180,1,2024-01-10,97.9
2408815,Agility,28.58236111111111,34.75833333333333,0.295148,10.684181681496666,0.8223167905378406,180,1,2024-01-10,94.3
2408842,Agility,72.02442708333335,49.641875000000006,0.319629,12.013164224212609,1.4508804730549227,96,0,2024-01-10,90.7
2408733,TrueBeam,15.38263736263736,19.406373626373625,0.176359,5.109525931768516,0.7926590335111382,91,0,2024-01-10,96.1
2408912,Agility,175.9541592920354,82.96017699115045,0.346978,25.393563177310348,2.1209472505200275,113,0,2024-01-10,90.9
2408641,Agility,43.56969444444446,42.854777777777784,0.238818,9.818166581600401,1.0166823095052284,180,1,2024-01-10,91.1
2408745,Agility,114.54577777777777,82.46533333333335,0.344142,18.092710078276443,1.3890173379251616,180,1,2024-01-10,93.6
2408575,TrueBeam,37.904805555555555,50.55344444444445,0.214574,14.840350507618787,0.7497966948070358,180,1,2024-01-10,98.1
2408755,Agility,20.785434782608693,28.88086956521739,0.263261,6.524506253005766,0.7196956011200433,46,0,2024-01-10,91.4
2414124,Agility,181.01275,85.42166666666667,0.480987,20.476466358586812,2.1190496166078083,180,1,2024-02-01,94.1
2414369,Agility,33.52286111111111,40.49133333333332,0.230622,10.263335339176736,0.8279021299482471,180,1,2024-02-01,84.0
2414277,TrueBeam,74.87755555555557,56.46800000000001,0.285278,13.781996861005352,1.3260174887645315,180,1,2024-02-01,87.1
2414125,Agility,187.5086111111111,86.87122222222222,0.499834,20.34797261306224,2.158466363365441,180,1,2024-02-01,90.2
2413628,Agility,104.28494444444445,77.50677777777777,0.285539,18.431763027360745,1.3454945158918004,180,1,2024-02-01,91.9
2414175,Agility,29.367727272727272,43.60991735537191,0.133246,10.943531514655852,0.673418549120679,121,0,2024-02-01,84.4
2413629,Agility,103.81294444444445,81.60522222222221,0.288184,17.4855140234827,1.2721360424918342,180,1,2024-02-01,92.4
2414050,Agility,48.736923076923084,61.60593406593407,0.135707,15.950878915495856,0.7911076070165926,91,0,2024-02-01,84.5
2414314,Agility,24.555132450331126,48.682119205298015,0.089748,12.973625067777817,0.5043973609032785,151,0,2024-02-01,81.5
2413846,Agility,29.961444444444442,39.82022222222223,0.200168,10.61171234886796,0.7524178111623908,180,1,2024-02-01,89.0
2411861,Agility,112.20394444444445,66.20866666666666,0.365041,17.55454914053878,1.6947017678115321,180,1,2024-02-01,94.5
2414049,Agility,50.92697802197803,63.532087912087924,0.179897,15.90991571640446,0.8015945909482445,91,0,2024-02-01,80.8
2413958,Agility,55.99844444444444,46.05855555555556,0.336163,11.721017351160594,1.2158098266216675,180,1,2024-02-01,91.3
2413974,TrueBeam,25.5825,28.802500000000002,0.51912,7.642285491473501,0.888204148945404,16,0,2024-02-01,100.0
2414032,Agility,58.22763888888888,62.648777777777774,0.290512,18.879022062247593,0.9294297662985356,180,1,2024-02-01,89.1
2414209,TrueBeam,10.454777777777778,23.319444444444443,0.176367,6.062369396140358,0.44832876712328773,180,1,2024-02-01,93.7
2414208,TrueBeam,10.282777777777778,24.47188888888889,0.168427,5.28979384686717,0.42018733512828776,180,1,2024-02-01,98.1
2414033,Agility,59.0823888888889,65.98866666666666,0.303814,19.0099910740527,0.895341455940246,180,1,2024-02-01,93.9
2413959,Agility,49.93727777777778,47.123333333333335,0.275591,11.8141922073975,1.0597144608710005,180,1,2024-02-01,90.4
2413943,Agility,147.47516666666667,97.10744444444443,0.32736,21.423776938578193,1.5186803391890087,180,1,2024-02-01,89.8
2414219,TrueBeam,41.82214285714286,31.237362637362637,0.278568,8.119027404303191,1.338849996482094,91,0,2024-02-01,91.2
2413933,Agility,100.60541666666664,88.80055555555555,0.172744,24.78751493971565,1.1329367934384793,180,1,2024-02-01,82.3
2414576,Agility,23.92887417218543,46.684503311258275,0.094099,13.481309548525932,0.5125656797212796,151,0,2024-02-01,73.7
2414151,Agility,112.20394444444445,66.20866666666666,0.365041,17.55454914053878,1.6947017678115321,180,1,2024-02-01,94.4
2414297,TrueBeam,25.32424528301886,26.63867924528302,0.250275,6.931090072166598,0.950656939476573,106,0,2024-02-01,96.6
2413944,Agility,132.68824999999998,94.72177777777777,0.272412,21.39789503406794,1.4008209422683506,180,1,2024-02-01,94.1
2414278,TrueBeam,117.48196969696971,65.48878787878789,0.523279,9.729001770223237,1.7939249374169994,66,0,2024-02-01,90.0
2414039,Agility,133.63694444444442,62.974,0.37202,13.659107263731153,2.1220971265037067,180,1,2024-02-01,95.6
2413945,Agility,171.44525,103.32777777777778,0.345089,25.03330679147733,1.6592367869240279,180,1,2024-02-01,86.8
2413973,TrueBeam,16.184416666666667,27.94311111111111,0.243219,7.1206560918857615,0.579191651291513,180,1,2024-02-01,96.0
2412855,TrueBeam,54.151611111111116,45.95144444444445,0.375688,11.823164705022716,1.1784528596610433,180,1,2024-01-26,98.0
2412707,TrueBeam,12.417888888888891,20.718888888888888,0.140684,6.166164105371526,0.5993511020539498,180,1,2024-01-26,86.0
2412985,TrueBeam,9.505527777777777,21.560444444444446,0.151414,6.567212566952119,0.4408780998124136,180,1,2024-01-26,97.6
2412842,TrueBeam,16.658694444444443,20.58388888888889,0.292747,5.109963989725261,0.8093074410947072,180,1,2024-01-26,98.3
2412819,TrueBeam,5.736111111111111,16.01611111111111,0.078526,5.236472945396811,0.3581463110062784,180,1,2024-01-26,80.7
2412957,TrueBeam,26.624805555555557,29.795555555555556,0.360334,8.251249782616817,0.8935831220167065,180,1,2024-01-26,98.8
2412900,TrueBeam,96.227,130.95177777777778,0.253611,22.75694397742643,0.7348277482975073,180,1,2024-01-26,95.0
2412890,Agility,83.7383611111111,85.59200000000001,0.165583,20.438546343516826,0.9783433160939234,180,1,2024-01-26,91.6
2412799,Agility,38.71572222222222,36.37711111111111,0.388556,9.5,1.0642879832861933,180,1,2024-01-26,92.1
2412998,Agility,61.97355555555556,82.87577777777777,0.149713,22.196053292238386,0.7477885241901535,180,1,2024-01-26,86.6
2412937,TrueBeam,22.28075,26.320555555555554,0.375062,7.025974123168563,0.8465151866939655,180,1,2024-01-26,99.2
2412720,Agility,15.121888888888886,24.517333333333326,0.159411,6.66312954688452,0.616783590747589,180,1,2024-01-26,91.2
2412901,TrueBeam,87.39202777777778,132.1278888888889,0.229379,21.61947120291234,0.6614199962830625,180,1,2024-01-26,98.2
2412959,TrueBeam,41.03948113207547,33.272452830188676,0.318085,9.474741820472033,1.2334372022864404,106,0,2024-01-26,96.8
2412889,Agility,96.53211111111112,86.96911111111112,0.234426,20.265106415448987,1.109958580441076,180,1,2024-01-26,91.8
2412923,TrueBeam,38.86999999999999,51.054333333333325,0.261182,11.591832754650198,0.7613457558287575,180,1,2024-01-26,98.1
2412997,Agility,72.24494444444444,84.49022222222223,0.159623,22.007796887903442,0.8550686995996906,180,1,2024-01-26,84.4
2412939,TrueBeam,47.65552777777777,58.62622222222222,0.301397,10.517746802170382,0.8128705205861616,180,1,2024-01-26,99.8
2412836,TrueBeam,23.013241758241758,25.463736263736262,0.16766,7.61308603841003,0.9037653202140515,91,0,2024-01-26,98.4
2412772,Agility,3.3068000000000004,10.948533333333334,0.160411,3.0,0.30203132230801083,75,0,2024-01-26,0.0
2412908,Agility,89.85849999999999,57.42211111111111,0.438076,12.999333732645368,1.5648762865253223,180,1,2024-01-26,94.1
2412986,TrueBeam,14.589166666666666,25.354166666666668,0.371705,7.1502890444199645,0.5754149548069022,24,0,2024-01-26,99.1
2412894,TrueBeam,15.004999999999999,100.73516483516481,0.114938,7.568577925416667,0.14895493569254603,91,0,2024-01-26,100.0
2412400,TrueBeam,49.14861111111111,33.46222222222222,0.576907,9.45295288478512,1.4687790543232833,18,0,2024-01-26,83.3
2412773,Agility,3.7742391304347827,12.57130434782609,0.151443,3.5,0.3002265338590302,46,0,2024-01-26,0.0
2410864,Agility,49.4245,56.58722222222222,0.231683,14.481862033755059,0.8734215616010682,180,1,2024-01-19,90.1
2410960,Agility,64.61502777777777,89.5428888888889,0.157089,22.680639221915364,0.7216098182621362,180,1,2024-01-19,81.7
2410937,Agility,73.73608333333333,61.948888888888895,0.423314,16.711753108168924,1.1902728952182802,180,1,2024-01-19,89.7
2411131,Agility,15.747499999999999,27.697333333333336,0.178613,7.092769161754704,0.5685565397390843,180,1,2024-01-19,85.1
2411039,Agility,84.7795,92.00155555555556,0.202992,24.02328027667206,0.9215007234177199,180,1,2024-01-19,82.6
2411184,Agility,46.20774725274725,38.16395604395604,0.194351,8.850268644442057,1.2107693237966897,91,0,2024-01-19,91.6
2411038,Agility,79.14594444444445,91.94322222222223,0.184383,23.9509410101915,0.8608132555236384,180,1,2024-01-19,86.9
2411192,Agility,126.21211111111113,76.19911111111111,0.299874,16.56663651725107,1.6563462390929031,180,1,2024-01-19,88.7
2411002,Agility,10.368194444444445,21.352555555555554,0.140281,6.274370191174073,0.48557159434467906,180,1,2024-01-19,92.0
2410961,Agility,63.947527777777786,88.63511111111112,0.146184,22.547290935511448,0.7214694828736042,180,1,2024-01-19,86.8
2410865,Agility,38.94638888888889,61.04622222222222,0.182768,13.385081485561422,0.6379819663060414,180,1,2024-01-19,82.1
2410985,Agility,61.36297222222222,74.7961111111111,0.134567,19.585725121487986,0.8204032443754503,180,1,2024-01-19,84.8
2411228,TrueBeam,14.984777777777776,36.38322222222222,0.17794,6.840490396407384,0.4118595567554031,180,1,2024-01-19,81.8
2410897,Agility,84.15577777777777,66.32255555555557,0.248647,16.041801664951148,1.2688862344468026,180,1,2024-01-19,87.4
2410970,TrueBeam,20.626444444444445,36.26488888888889,0.172698,9.562184188014825,0.5687717535173292,180,1,2024-01-19,92.3
2410858,Agility,193.1548888888889,86.87388888888889,0.47486,24.685230422083528,2.223394064192668,180,1,2024-01-19,94.8
2411033,Agility,75.20797222222222,86.50588888888889,0.17086,22.36164920345894,0.869397138024001,180,1,2024-01-19,88.4
2411032,Agility,78.14780555555556,87.38955555555555,0.187699,22.46274986504622,0.8942465156019155,180,1,2024-01-19,87.9
2410859,Agility,179.80794444444442,88.6628888888889,0.488922,14.56639969244288,2.02799555369527,180,1,2024-01-19,97.2
2411225,TrueBeam,3.9455277777777775,12.109444444444444,0.131706,4.0883450863388004,0.3258223608753498,180,1,2024-01-19,93.7
2411028,Agility,17.409000000000002,29.140777777777778,0.259798,7.004391351027816,0.597410272737325,180,1,2024-01-19,85.8
2410896,Agility,85.08611111111111,66.74655555555555,0.289422,16.260769152091115,1.2747640743841964,180,1,2024-01-19,84.6
2410984,Agility,71.22111111111113,78.72111111111111,0.14689,19.231001248505017,0.9047269545088853,180,1,2024-01-19,81.4
2410856,Agility,206.62722222222223,130.04166666666666,0.311842,21.86374167428805,1.588930898216384,180,1,2024-01-19,81.7
2411070,Agility,73.70627777777779,76.49322222222223,0.244514,19.162694310663188,0.9635661256843381,180,1,2024-01-19,85.8
2411027,Agility,18.12686111111111,28.348333333333333,0.28251,7.033974629349666,0.6394330452505537,180,1,2024-01-19,88.7
2411123,Agility,149.79972222222221,100.37055555555558,0.320837,22.420230262222894,1.4924668035667825,180,1,2024-01-19,91.8
2411226,TrueBeam,7.844888888888889,19.18477777777778,0.24834,4.988016428785274,0.40891215836629735,180,1,2024-01-19,90.2
2411227,TrueBeam,16.441666666666666,27.041888888888884,0.152584,7.888372331416621,0.6080073301914315,180,1,2024-01-19,83.5
2411071,Agility,66.44194444444445,76.46088888888889,0.203666,19.299868404567526,0.8689664142015961,180,1,2024-01-19,85.1
2410969,TrueBeam,23.082027777777775,42.91388888888889,0.203088,7.503802683369964,0.5378684704511618,180,1,2024-01-19,98.1
2410894,TrueBeam,12.2278125,18.84375,0.438693,4.188723230396502,0.648905472636816,16,0,2024-01-19,98.1
2410857,Agility,233.73780555555555,129.68755555555558,0.360994,32.55365816570786,1.802314837027111,180,1,2024-01-19,89.2
2411125,Agility,160.2653333333333,117.38577777777778,0.307724,22.66433635901785,1.3652874851392178,180,1,2024-01-19,94.9
2411200,Agility,55.204222222222235,47.35500000000001,0.394916,12.462304845413264,1.1657527657527658,180,1,2024-01-19,92.0
2410893,TrueBeam,9.873194444444445,19.989666666666665,0.2651,6.130562295786351,0.49391491159321216,180,1,2024-01-19,98.3
2411001,Agility,50.22058333333332,39.95400000000001,0.332581,10.01745724632934,1.2569600874338818,180,1,2024-01-19,86.1
2411201,Agility,50.59094444444446,48.3098888888889,0.327369,12.397304845413263,1.0472171559078083,180,1,2024-01-19,90.7
2410975,TrueBeam,14.950916666666666,22.16455555555556,0.268726,6.200341369291522,0.6745416856743247,180,1,2024-01-19,74.9
2415298,TrueBeam,21.47294444444444,34.558,0.295738,7.928507444590229,0.621359582280353,180,1,2024-02-06,97.8
2415261,Agility,103.12308333333333,90.25922222222222,0.301561,22.094118265393718,1.1425212936074245,180,1,2024-02-06,92.3
2415294,Agility,112.41797222222223,80.70855555555556,0.362324,16.681416329154835,1.3928879218367323,180,1,2024-02-06,94.0
2415305,Agility,48.81166666666667,82.57922222222223,0.115475,23.57486170099235,0.5910889610380873,180,1,2024-02-06,85.2
2415295,TrueBeam,5.966388888888889,23.64744444444445,0.053775,8.138076211353317,0.2523058634477768,180,1,2024-02-06,96.3
2415309,Agility,85.05755102040816,91.83224489795919,0.215676,25.093863873048086,0.9262275044557733,98,0,2024-02-06,87.5
2415260,Agility,49.32762376237624,59.03366336633663,0.175069,15.369983610839709,0.8355846638937341,101,0,2024-02-06,92.3
2415396,Agility,114.11476190476189,113.45904761904764,0.484304,22.67802910811895,1.005779303629587,21,0,2024-02-06,93.2
2415226,Agility,133.73038888888885,74.79911111111112,0.42324,17.154723558891988,1.787860669764346,180,1,2024-02-06,94.9
2415322,TrueBeam,62.14293388429752,47.84099173553719,0.217203,12.793646179760895,1.2989474429756978,121,0,2024-02-06,87.7
2415162,Agility,191.456875,90.83250000000001,0.464111,29.612605409995453,2.107801447719704,16,0,2024-02-06,92.1
2415318,Agility,93.08188888888888,80.56066666666666,0.280955,18.953077567214926,1.1554260005572061,180,1,2024-02-06,96.9
2415174,Agility,115.48383333333334,82.97533333333332,0.352425,19.497101666902104,1.3917851088275233,180,1,2024-02-06,95.1
2415175,Agility,113.52680555555555,85.72522222222223,0.328077,19.892066104711784,1.324310425947504,180,1,2024-02-06,95.5
2415227,Agility,139.57569444444445,76.18844444444446,0.447262,16.892785535281774,1.8319798423791298,180,1,2024-02-06,95.8
2415293,Agility,101.34213888888887,77.12055555555555,0.316498,17.079168122671742,1.3140742848498381,180,1,2024-02-06,93.0
2415300,Agility,37.931638888888884,41.041,0.219833,10.282680114228837,0.9242376864328083,180,1,2024-02-06,98.1
2415394,Agility,129.24333333333334,97.9095238095238,0.619397,23.207502524553977,1.320028208744711,21,0,2024-02-06,94.2
2415290,Agility,103.68386111111111,75.71222222222222,0.329204,17.446691166717322,1.369446808822882,180,1,2024-02-06,93.3
2415160,Agility,207.50452380952382,103.16857142857143,0.641408,30.047512566306267,2.011315276893111,21,0,2024-02-06,97.4
2415320,Agility,76.00422222222221,94.6918888888889,0.146643,25.22952031478566,0.8026476513886557,180,1,2024-02-06,84.4
2415321,Agility,58.63355555555556,90.51066666666668,0.137137,24.58064353078634,0.6478082386851887,180,1,2024-02-06,89.2
2415161,Agility,316.2791176470588,93.98235294117647,0.578425,29.95730865180544,3.365303248419603,34,0,2024-02-06,95.7
2415291,Agility,103.14663888888887,77.25277777777778,0.305223,17.35610450093144,1.3351835604616875,180,1,2024-02-06,94.3
2415287,Agility,92.1086111111111,54.455555555555556,0.465263,14.741999270479829,1.6914456233421749,180,1,2024-02-06,97.2
2415395,Agility,110.04032786885246,105.34426229508195,0.316659,25.648305937931163,1.0445782757547466,61,0,2024-02-06,91.1
2415301,Agility,42.345555555555556,49.34088888888889,0.286516,10.51298946430137,0.8582244160804201,180,1,2024-02-06,97.4
2415194,Agility,97.48144444444446,86.63566666666665,0.274073,21.887063029311705,1.1251883686600723,180,1,2024-02-06,93.0
2415317,Agility,94.0895,79.11533333333334,0.299865,19.20616276027395,1.1892700951353719,180,1,2024-02-06,96.4
2415259,Agility,47.635990099009895,58.46732673267327,0.180828,15.562597802312034,0.8147454785612679,101,0,2024-02-06,91.5
2415310,Agility,84.02730769230769,102.30846153846154,0.284404,23.147544653877134,0.8213133735836572,26,0,2024-02-06,87.9
2415193,Agility,91.00894444444445,83.25800000000001,0.254709,21.661890460072513,1.093095491657792,180,1,2024-02-06,87.3
2415306,Agility,45.97575,82.96377777777778,0.11432,23.719540233953467,0.5541665439000152,180,1,2024-02-06,83.1
2415296,TrueBeam,8.34911111111111,25.136444444444447,0.209214,5.145118721440947,0.3321516346340859,180,1,2024-02-06,92.4
2415297,TrueBeam,19.542444444444445,28.056,0.203666,8.342865149599879,0.6965513417609226,180,1,2024-02-06,98.2
2415311,Agility,69.18545918367349,97.0816326530612,0.149698,22.240069221568955,0.7126524069791889,98,0,2024-02-06,86.5
2415262,Agility,103.06016666666667,87.59811111111111,0.286648,22.081177313138596,1.1765112895635752,180,1,2024-02-06,93.5
2433191,Agility,41.78473684210526,44.927894736842106,0.311183,11.461169604860892,0.9300399470496584,76,0,2024-04-18,95.7
2432978,TrueBeam,39.08091666666667,47.00855555555556,0.211903,10.890593699136758,0.831357530662267,180,1,2024-04-18,97.9
2433152,Agility,2.599066666666667,8.794133333333335,0.1496,2.0,0.2955455151919461,75,0,2024-04-18,84.7
2433060,TrueBeam,107.87625,79.43455555555556,0.23403,19.47845354568826,1.3580519113567981,180,1,2024-04-18,94.9
2433099,Agility,44.800277777777794,51.18555555555557,0.327181,10.107300617259963,0.8752523498382792,180,1,2024-04-18,97.6
2432962,Agility,44.68833333333334,43.76111111111111,0.3722,12.027886347983173,1.0211882696458043,18,0,2024-04-18,95.1
2433098,Agility,35.480694444444445,41.78655555555555,0.248959,10.533037934140024,0.8490935415165431,180,1,2024-04-18,92.0
2433061,TrueBeam,141.6460277777778,85.5871111111111,0.376055,19.17148758321344,1.6549925092563267,180,1,2024-04-18,96.1
2432980,TrueBeam,37.6561111111111,58.08099999999999,0.224786,9.08029208643552,0.6483378576662094,180,1,2024-04-18,97.1
2433153,Agility,2.9847826086956526,9.957826086956523,0.211913,2.5,0.2997423918263983,46,0,2024-04-18,92.0
2433112,Agility,89.51275,90.61766666666665,0.219642,16.37219737388496,0.9878068294261974,180,1,2024-04-18,93.1
2433057,Agility,54.171277777777775,75.23222222222222,0.177198,20.886596988934308,0.7200542025432365,180,1,2024-04-18,90.0
2432979,TrueBeam,80.32958333333335,48.778333333333336,0.628845,11.695917320611134,1.6468291932893704,36,0,2024-04-18,82.5
2432991,Agility,75.82130555555557,89.29722222222222,0.154897,26.175727481576622,0.8490891840607212,180,1,2024-04-18,76.0
2431256,Agility,35.726416666666665,45.70155555555556,0.221227,12.085254037844386,0.7817330555244897,180,1,2024-04-18,89.8
2433154,Agility,43.37033333333334,40.248333333333335,0.308463,10.589447336005911,1.0775684293345482,180,1,2024-04-18,98.4
2433102,Agility,44.21755555555556,35.13366666666666,0.301747,9.853870459858086,1.2585522591499767,180,1,2024-04-18,93.7
2433155,Agility,95.10472222222221,93.24011111111109,0.211423,17.288760800011087,1.0199979503337262,180,1,2024-04-18,85.6
2431257,Agility,30.511222222222223,53.986555555555555,0.200714,10.475965286673217,0.5651633431368716,180,1,2024-04-18,93.2
2432705,Agility,62.003555555555565,75.69822222222223,0.13321,22.22973287004421,0.8190886619970527,180,1,2024-04-18,68.4
2432990,TrueBeam,6.330472222222221,21.133666666666667,0.061398,7.742372090045874,0.2995444341046145,180,1,2024-04-18,88.2
2433092,Agility,147.81891666666667,116.02788888888887,0.294651,22.665826523583885,1.27399471008407,180,1,2024-04-18,95.7
2433227,Agility,242.68213888888886,118.85544444444444,0.294877,29.04739813903388,2.041826018347217,180,1,2024-04-18,93.7
2433160,Agility,71.51825757575759,65.47515151515152,0.158878,15.66910224000352,1.0922961752781533,66,0,2024-04-18,79.4
2433101,Agility,54.940083333333355,79.52222222222221,0.189171,16.07437322315876,0.6908771133156354,180,1,2024-04-18,92.3
2433228,Agility,187.45836111111115,117.95022222222222,0.216271,26.3909518113555,1.5893006183399403,180,1,2024-04-18,95.2
2433013,Agility,83.33286111111113,93.18277777777779,0.235989,17.8309907532962,0.8942946658001897,180,1,2024-04-18,92.0
2433156,Agility,90.86269444444443,90.38466666666666,0.193292,17.408968952812803,1.005288814966157,180,1,2024-04-18,83.7
2432638,Agility,66.3236111111111,47.88544444444445,0.407638,11.959661660711578,1.3850474164034996,180,1,2024-04-18,88.7
2432454,TrueBeam,68.49857142857142,59.7021978021978,0.209661,11.149879754568039,1.147337517716137,91,0,2024-04-18,97.6
2433091,Agility,109.44377777777777,92.0311111111111,0.22475,23.2515373101425,1.1892041338677741,180,1,2024-04-18,94.3
2433194,Agility,68.70131578947368,52.67526315789475,0.523772,14.29474023559298,1.3042424787426432,38,0,2024-04-18,94.8
2432639,Agility,63.11580555555556,53.32155555555555,0.360534,11.807330071528723,1.1836827507741294,180,1,2024-04-18,89.3
2433004,Agility,109.31577777777778,106.96655555555556,0.185593,24.40461570176158,1.0219622124880154,180,1,2024-04-18,85.5
2433012,Agility,84.38705555555556,81.19344444444444,0.253175,18.549293173770213,1.039333361615128,180,1,2024-04-18,87.7
2433100,Agility,43.99152777777778,55.99566666666667,0.164527,16.926432011145103,0.7856237883487016,180,1,2024-04-18,92.9
2433003,Agility,156.76147222222224,110.31677777777779,0.304331,25.986789578651784,1.4210120652545044,180,1,2024-04-18,85.9
2433111,Agility,106.35261111111112,70.79555555555555,0.229511,16.646409529293866,1.5022498273589053,180,1,2024-04-18,92.2
2433019,Agility,168.11355555555556,95.63244444444443,0.242239,25.517138824338943,1.7579133999154173,180,1,2024-04-18,95.4
2433058,Agility,40.69663888888889,66.91433333333333,0.114186,20.614469988432127,0.6081901569004482,180,1,2024-04-18,87.1
2433189,Agility,85.6691935483871,49.36129032258065,0.60805,14.173095284394797,1.7355541759247155,31,0,2024-04-18,98.8
2433062,TrueBeam,13.1045,23.41011111111111,0.18349,6.152351231473267,0.5597794874959063,180,1,2024-04-18,94.6
2432624,Agility,19.659754098360658,25.971803278688522,0.338768,7.045702153122775,0.7569653091625219,61,0,2024-04-18,95.4
2432625,Agility,22.673114754098357,26.14196721311475,0.415896,7.110197402756042,0.8673071375716453,61,0,2024-04-18,86.7
2433063,TrueBeam,22.89763157894737,30.498947368421053,0.337494,11.208456059229501,0.7507679298681577,76,0,2024-04-18,97.1
2433018,Agility,148.15958333333333,95.07577777777777,0.199238,25.288352720383333,1.5583315413903764,180,1,2024-04-18,88.2
2432453,TrueBeam,68.24873626373626,53.76,0.268949,11.179950765058983,1.2695077430010466,91,0,2024-04-18,78.0
2423083,TrueBeam,27.99527777777778,30.78033333333334,0.360647,8.935062849744138,0.9095183432422578,180,1,2024-03-08,98.9
2423187,Agility,10.38882075471698,20.702264150943396,0.171336,6.557511651533,0.5018205100162227,106,0,2024-03-08,82.7
2423056,Agility,41.78169444444445,52.517222222222216,0.247604,13.481019732773888,0.7955808147591796,180,1,2024-03-08,93.6
2422763,TrueBeam,93.50080555555557,68.31566666666666,0.279654,16.960111361924586,1.3686583197932478,180,1,2024-03-08,98.5
2423164,TrueBeam,46.121111111111105,43.56077777777777,0.27652,12.527504070683278,1.0587761161289335,180,1,2024-03-08,97.9
2423112,TrueBeam,71.77799999999999,41.82299999999999,0.568529,11.817311185905194,1.716232694928628,180,1,2024-03-08,94.3
2423057,Agility,37.84019444444445,57.014,0.251423,12.601124795366541,0.6637000463823701,180,1,2024-03-08,93.5
2422851,TrueBeam,90.42147222222223,57.98922222222223,0.498268,16.851407362981526,1.5592806517686237,180,1,2024-03-08,98.8
2422986,Agility,108.52927777777778,69.68766666666666,0.483098,16.242665160476328,1.5573670775475974,180,1,2024-03-08,93.3
2422969,TrueBeam,48.21083333333334,54.36788888888889,0.199521,14.986060284793268,0.8867519839120723,180,1,2024-03-08,96.0
2423006,Agility,22.473223140495868,45.09702479338843,0.214561,8.664346919976108,0.4983305050268109,121,0,2024-03-08,88.1
2422928,Agility,92.71014150943395,107.09018867924527,0.208613,19.44694239370407,0.8657202181902751,106,0,2024-03-08,68.0
2422764,TrueBeam,79.89319444444445,69.30655555555556,0.235584,16.668674542155912,1.152750902191391,180,1,2024-03-08,97.4
2422927,Agility,57.88608490566038,76.12811320754717,0.170265,19.92363417298784,0.7603772439209971,106,0,2024-03-08,68.9
2422970,TrueBeam,53.605222222222224,54.13911111111111,0.232615,14.973858480808596,0.9901385730587048,180,1,2024-03-08,93.6
2423101,Agility,115.38383333333331,57.05511111111111,0.503408,12.218851777097083,2.022322471840092,180,1,2024-03-08,93.7
2422985,Agility,91.08525,70.76899999999999,0.391983,16.79652457545333,1.2870783817773321,180,1,2024-03-08,91.0
2422897,TrueBeam,48.78577777777778,42.318,0.340235,11.479286938018069,1.1528375106994135,180,1,2024-03-08,95.3
2423005,Agility,15.246776859504132,28.737520661157028,0.111186,8.417538102456927,0.5305529672959013,121,0,2024-03-08,88.9
2422859,TrueBeam,10.646749999999999,25.855666666666668,0.294739,4.930269624715894,0.4117762708368249,180,1,2024-03-08,91.8
2422940,TrueBeam,52.27569444444445,46.77144444444445,0.359182,12.946293010608848,1.1176839857177812,180,1,2024-03-08,97.5
2423263,TrueBeam,6.963111111111112,15.971777777777778,0.164884,5.175915863826052,0.43596343550429234,180,1,2024-03-08,81.1
2423189,Agility,15.504369369369373,28.138378378378377,0.117799,8.790622097627242,0.55100436709185,111,0,2024-03-08,79.3
2422853,TrueBeam,83.33194444444446,53.013888888888886,0.510486,14.05583362792935,1.5718889179984286,180,1,2024-03-08,99.5
2422957,TrueBeam,44.834666666666664,40.71611111111111,0.306859,11.745870554473665,1.101152969749894,180,1,2024-03-08,97.4
2423002,Agility,24.244472222222218,35.93777777777778,0.142607,9.562964428146085,0.6746235777887705,180,1,2024-03-08,78.3
2421207,Agility,130.5737623762376,83.81267326732673,0.258274,20.56884645816758,1.5579238471461578,101,0,2024-03-01,89.7
2421175,TrueBeam,104.79875000000001,74.42844444444444,0.346015,17.34989941883221,1.4080470280179624,180,1,2024-03-01,99.4
2421163,TrueBeam,88.94544444444446,55.28199999999999,0.51801,10.508625761498354,1.6089404226410853,180,1,2024-03-01,99.6
2420908,Agility,61.26536111111112,77.59777777777776,0.164499,21.151922935635426,0.7895246857011944,180,1,2024-03-01,83.1
2420909,Agility,59.7698888888889,79.46566666666666,0.147707,21.050822274048144,0.7521473284758898,180,1,2024-03-01,77.3
2421162,TrueBeam,90.78055555555555,53.647666666666666,0.53236,12.803671369419881,1.69216223549124,180,1,2024-03-01,98.7
2421318,TrueBeam,6.593777777777778,24.139111111111106,0.11741,4.455753294332402,0.27315743928709524,180,1,2024-03-01,88.8
2421174,TrueBeam,97.54030555555553,72.837,0.30071,17.402691929049894,1.3391587456314171,180,1,2024-03-01,98.9
2421031,Agility,121.07986111111111,98.81566666666669,0.284338,24.624372700215346,1.2253103702629249,180,1,2024-03-01,87.0
2421066,Agility,34.45902777777778,33.585,0.208971,7.579095298738443,1.0260243494946486,180,1,2024-03-01,85.0
2421302,Agility,66.68882352941176,54.448235294117644,0.503972,13.956746404457412,1.224811477712236,68,0,2024-03-01,89.6
2420919,TrueBeam,22.614972222222217,38.751444444444445,0.26841,5.315949604359762,0.5835904324713342,180,1,2024-03-01,94.7
2421075,TrueBeam,22.549027777777777,26.406777777777783,0.29,7.664759251431275,0.8539106121744836,180,1,2024-03-01,99.8
2421215,Agility,10.537196969696968,17.07333333333333,0.287421,4.648472052633405,0.6171728018174718,66,0,2024-03-01,91.2
2420783,Agility,125.64011111111111,102.90533333333333,0.225326,24.999660315614,1.220929052376078,180,1,2024-03-01,82.4
2421054,Agility,21.69313888888889,27.011777777777773,0.208557,5.997647508853166,0.8030992653410448,180,1,2024-03-01,88.2
2420782,Agility,111.88263888888889,97.17177777777779,0.201842,24.427670225937433,1.1513902642056564,180,1,2024-03-01,79.6
2421214,Agility,11.554756097560976,17.928780487804875,0.420542,4.630169346656397,0.6444808728301682,41,0,2024-03-01,89.4
2421301,Agility,63.43580882352941,54.0135294117647,0.478469,13.45734399851333,1.1744429500234148,68,0,2024-03-01,94.3
2421317,TrueBeam,6.89302777777778,17.38588888888889,0.095167,5.028389008117617,0.3964725543704027,180,1,2024-03-01,90.0
2421053,TrueBeam,67.49669444444444,55.596999999999994,0.294913,13.52345948118747,1.2140348300168076,180,1,2024-03-01,98.2
2421032,Agility,121.31094444444443,102.612,0.268626,24.79001688908096,1.1822296071068144,180,1,2024-03-01,87.0
2421065,Agility,35.21830555555555,53.436888888888895,0.257857,7.63703807757205,0.6590635474453768,180,1,2024-03-01,90.3
2421208,Agility,140.91054455445547,82.75821782178218,0.279048,20.883916747443372,1.7026773686439565,101,0,2024-03-01,92.9
2421052,TrueBeam,64.34508333333333,53.852666666666664,0.305855,13.919452620194328,1.1948356008368513,180,1,2024-03-01,98.5
2432364,Agility,12.651388888888889,25.40666666666667,0.159552,6.592054232878208,0.4979554797515962,180,1,2024-04-16,87.7
2432484,Agility,35.12277777777778,33.55711111111111,0.434675,8.7083307912511,1.0466567775003808,180,1,2024-04-16,91.4
2432417,Agility,84.77527777777777,104.98188888888888,0.214535,30.693341178552423,0.8075228848997235,180,1,2024-04-16,84.9
2432354,Agility,13.050572916666667,24.802916666666665,0.134029,7.36038147940748,0.526170897239908,96,0,2024-04-16,94.8
2432355,Agility,15.902604166666665,39.10166666666667,0.183046,6.593066155848533,0.4066988832530582,96,0,2024-04-16,93.8
2432498,TrueBeam,73.70180555555557,78.78222222222222,0.24873,14.157154963253266,0.9355131586370306,180,1,2024-04-16,98.5
2432420,Agility,74.15608333333334,99.22111111111111,0.186804,20.04309524854724,0.7473821095421002,180,1,2024-04-16,83.6
2432363,Agility,14.265472222222222,27.99166666666666,0.235277,6.346009987861805,0.5096328272303265,180,1,2024-04-16,94.1
2432435,Agility,122.83413888888887,81.76922222222221,0.374569,19.62352824334544,1.5022050540613625,180,1,2024-04-16,96.8
2432419,Agility,205.58707317073174,89.69951219512194,0.728965,12.777419536040917,2.291953079115095,41,0,2024-04-16,89.5
2432337,Agility,22.52391666666667,25.39411111111111,0.261228,5.6198250847990625,0.8869740140977569,180,1,2024-04-16,92.4
2432252,Agility,119.25911111111112,99.27055555555555,0.303773,23.315246245137104,1.201354323481843,180,1,2024-04-16,83.6
2432497,TrueBeam,55.858111111111114,74.07444444444445,0.210086,19.04884574616241,0.754080729596352,180,1,2024-04-16,98.6
2432403,TrueBeam,13.819500000000001,27.66233333333333,0.162796,7.703080605150049,0.499578247195344,180,1,2024-04-16,90.7
2432415,TrueBeam,7.441083333333333,16.11411111111111,0.26266,4.182622328404166,0.46177435925724175,180,1,2024-04-16,99.6
2432414,TrueBeam,32.822500000000005,33.913999999999994,0.403301,9.31190995439664,0.9678156513534236,180,1,2024-04-16,99.4
2432253,Agility,107.79941666666667,96.26788888888889,0.249488,21.982490878343665,1.1197858175854185,180,1,2024-04-16,79.5
2432336,Agility,23.787583333333334,25.624888888888886,0.292301,5.614595740234202,0.9282999601082282,180,1,2024-04-16,91.4
2432418,Agility,71.2731111111111,69.72866666666667,0.192079,23.52388690539627,1.0221493471519763,180,1,2024-04-16,92.0
2432491,TrueBeam,52.07072222222223,47.66866666666667,0.2872,12.75771383143599,1.0923469411539843,180,1,2024-04-16,99.1
2432433,Agility,119.52052777777777,80.938,0.379108,20.80413784466983,1.476692379077538,180,1,2024-04-16,94.2
2435497,Agility,239.84285714285713,116.5647619047619,0.624102,32.36325432656958,2.0575931630076885,21,0,2024-04-29,92.2
2435710,Agility,13.785916666666667,27.145111111111117,0.132558,7.1610908146785395,0.5078600198112203,180,1,2024-04-29,84.3
2435675,Agility,146.40070247933886,121.20776859504132,0.178969,28.95239079730231,1.2078491682201318,121,0,2024-04-29,75.0
2435376,Agility,46.89142857142857,40.620000000000005,0.280647,9.666922512473626,1.154392628543293,56,0,2024-04-29,91.0
2435422,Agility,12.273444444444443,26.584888888888887,0.259232,5.125104281603899,0.46166995452721676,180,1,2024-04-29,91.1
2435674,Agility,214.377479338843,136.12611570247932,0.261211,31.007414015416323,1.5748446081234833,121,0,2024-04-29,89.2
2435711,Agility,6.403333333333334,23.52277777777778,0.197274,3.3787594640162117,0.2722184171370539,180,1,2024-04-29,91.8
2435681,Agility,21.52225,30.39455555555556,0.195548,8.086634294948384,0.7080955653607554,180,1,2024-04-29,94.6
2435576,TrueBeam,38.91630555555555,37.99977777777778,0.270233,10.25950431988698,1.0241192930952812,180,1,2024-04-29,99.2
2435757,Agility,52.10475000000001,60.72666666666666,0.365032,12.817031613744371,0.8580209133823693,180,1,2024-04-29,95.6
2435653,TrueBeam,33.58021505376344,32.14344086021505,0.298032,7.9708626416321735,1.0446988298420388,93,0,2024-04-29,98.3
2435604,Agility,34.657777777777774,48.205555555555556,0.276851,9.910276286868466,0.7189581652644923,180,1,2024-04-29,95.0
2435469,Agility,47.313944444444445,62.431222222222225,0.214158,12.945141618554295,0.7578570907362947,180,1,2024-04-29,92.5
2435756,Agility,48.64586111111112,59.440666666666665,0.339857,13.45624204598,0.8183935988455342,180,1,2024-04-29,96.9
2435577,TrueBeam,37.67888888888888,53.59055555555556,0.306726,9.747787707498471,0.7030882307205869,180,1,2024-04-29,100.0
2435598,Agility,32.528555555555556,44.58844444444445,0.257965,10.483266739736607,0.7295288266018101,180,1,2024-04-29,90.7
2435466,Agility,47.355388888888896,55.95255555555555,0.187131,14.76788117499008,0.8463489901166268,180,1,2024-04-29,87.0
2435574,TrueBeam,34.886333333333326,39.327333333333335,0.191389,11.166764460379406,0.8870759946432504,180,1,2024-04-29,98.2
2435759,Agility,92.90841666666667,64.24111111111111,0.353096,17.182695740712752,1.4462454814327965,180,1,2024-04-29,95.9
2435190,Agility,173.6176111111111,116.4648888888889,0.255377,26.299462710085322,1.4907292040328797,180,1,2024-04-29,86.6
2435647,Agility,13.071077586206895,39.23879310344828,0.108096,4.831903070375115,0.333116198343476,116,0,2024-04-29,86.7
2435493,Agility,40.19027777777778,37.900111111111116,0.271515,9.33006328751092,1.060426383974248,180,1,2024-04-29,91.2
2435693,TrueBeam,10.889000000000001,17.2,0.395132,4.996302021508134,0.6330813953488373,180,1,2024-04-29,82.8
2435514,Agility,114.6616388888889,71.74266666666666,0.364102,16.805443252379654,1.5982349725252603,180,1,2024-04-29,93.5
2435646,Agility,13.300818965517236,39.56603448275862,0.108513,5.768357873559795,0.3361676028289676,116,0,2024-04-29,90.3
2435191,Agility,173.04127777777774,129.488,0.23343,25.100327678404454,1.3363499148784268,180,1,2024-04-29,93.0
2435758,Agility,13.246138888888888,25.223444444444446,0.154652,6.183783525388191,0.5251518648876045,180,1,2024-04-29,94.2
2435575,TrueBeam,30.603638888888888,58.38511111111111,0.181831,7.224868167904276,0.524168547536853,180,1,2024-04-29,99.5
2435196,Agility,61.280972222222225,77.46811111111111,0.171399,21.78403332441121,0.7910477142566189,180,1,2024-04-29,83.5
2435753,Agility,45.744223602484475,48.053416149068326,0.210946,12.440227363676138,0.9519452989685392,161,0,2024-04-29,92.6
2435421,Agility,11.390277777777778,22.103,0.198978,5.853523848854144,0.5153272305921267,180,1,2024-04-29,84.0
2435499,Agility,222.8686111111111,122.5488888888889,0.412552,31.913964193462395,1.8186098065171268,18,0,2024-04-29,75.1
2435231,Agility,37.27569444444445,35.483444444444444,0.37823,10.216747911058281,1.0505094707704064,180,1,2024-04-29,93.8
2435375,Agility,55.60716049382717,42.57851851851853,0.282136,10.838733752958898,1.3059909651305068,81,0,2024-04-29,87.2
2435498,Agility,238.0363725490196,104.92627450980392,0.465359,34.08482418187981,2.2686059679625656,51,0,2024-04-29,88.6
2435142,Agility,135.03444444444443,85.09933333333333,0.358384,18.426284235689096,1.5867861610092258,180,1,2024-04-29,89.6
2435752,Agility,53.42304347826087,47.88695652173913,0.231118,12.070687014426065,1.115607408752497,161,0,2024-04-29,91.0
2435656,TrueBeam,42.342365591397844,37.50387096774193,0.369356,10.110664752330669,1.1290132058052789,93,0,2024-04-29,99.1
2435197,Agility,60.075305555555566,91.18577777777779,0.13752,21.02585623774537,0.6588231961124542,180,1,2024-04-29,80.1
2431378,Agility,60.289666666666676,56.71888888888888,0.312759,14.51690221775982,1.0629557074852591,180,1,2024-04-11,94.0
2431180,Agility,49.86352739726028,101.06876712328767,0.075495,29.21223854360201,0.49336237906647046,146,0,2024-04-11,66.9
2431266,TrueBeam,113.60111111111114,133.39366666666666,0.362973,14.86417858459019,0.8516229739376268,180,1,2024-04-11,92.2
2431289,Agility,51.96980555555556,50.00055555555555,0.24429,12.54002296836521,1.0393845623937514,180,1,2024-04-11,84.0
2431323,Agility,52.099851485148506,50.31584158415841,0.398233,10.882572343929276,1.0354562270017118,101,0,2024-04-11,0.0
2431436,TrueBeam,14.73036111111111,24.28633333333333,0.150652,7.571053607137699,0.6065288205071897,180,1,2024-04-11,0.0
2431379,Agility,211.08995495495492,83.66666666666666,0.61515,13.060262248515532,2.5229875094217724,111,0,2024-04-11,93.1
2431325,Agility,22.974752066115705,40.120000000000005,0.097533,9.642518904504282,0.5726508491055758,121,0,2024-04-11,84.4
2431348,TrueBeam,8.027750000000001,21.820666666666668,0.134702,6.603320771168454,0.36789664232684616,180,1,2024-04-11,89.6
2431173,Agility,76.49105555555558,107.851,0.136912,24.65195317429611,0.7092289877289555,180,1,2024-04-11,57.2
2431352,TrueBeam,18.28008333333333,21.695999999999998,0.220379,6.083060136745871,0.8425554633726646,180,1,2024-04-11,97.0
2431312,Agility,57.72036111111112,78.72588888888889,0.133117,20.944054209939257,0.7331814467357202,180,1,2024-04-11,84.1
2431349,TrueBeam,22.92513888888889,34.522444444444446,0.185103,10.146349742672767,0.6640647630205148,180,1,2024-04-11,92.0
2431277,TrueBeam,8.297222222222222,21.232777777777777,0.141296,6.235642883454046,0.39077422224548003,180,1,2024-04-11,84.5
2431324,Agility,57.2709900990099,53.161386138613864,0.461526,10.541865207947847,1.0773043040992307,101,0,2024-04-11,0.0
2431350,TrueBeam,22.83675,35.608111111111114,0.194859,10.509801447769771,0.6413356195373713,180,1,2024-04-11,92.9
2431311,Agility,64.71802777777778,81.94244444444445,0.183106,20.701761245100766,0.7897985984742678,180,1,2024-04-11,84.9
2431384,Agility,204.8429279279279,84.17009009009007,0.628619,12.940054095713817,2.433678373263919,111,0,2024-04-11,93.8
2431214,Agility,88.33377777777777,78.91144444444444,0.360618,14.683685415017244,1.1194038887473017,180,1,2024-04-11,96.1
2431351,TrueBeam,28.04152777777778,36.48966666666667,0.257584,12.170691216410717,0.7684785951578377,180,1,2024-04-11,97.9
2431326,Agility,22.017685950413227,38.31140495867769,0.086589,9.749720468083902,0.5747031719186829,121,0,2024-04-11,90.8
2431222,TrueBeam,25.20666666666666,26.472666666666665,0.417367,7.6958175368435775,0.9521770883175097,180,1,2024-04-11,99.7
2431213,Agility,81.08405555555557,66.55277777777778,0.351305,15.105374634820539,1.2183421678701116,180,1,2024-04-11,91.7
2431182,Agility,66.18239726027397,115.06054794520549,0.096943,36.02001943364273,0.5751962635515309,146,0,2024-04-11,60.4
2431265,TrueBeam,86.93738888888889,71.99922222222223,0.283006,16.875729778237933,1.207476778298531,180,1,2024-04-11,97.2
2431183,Agility,58.8325684931507,105.71383561643836,0.082376,28.80814042828282,0.5565266660705888,146,0,2024-04-11,57.2
2422411,Agility,132.91595238095238,78.29523809523809,0.592783,20.672639152117863,1.697624984795037,21,0,2024-03-06,89.2
2421952,Agility,18.3534375,20.93625,0.444082,5.658611669564776,0.8766344259358766,16,0,2024-03-06,93.8
2422000,Agility,16.627333333333333,27.66566666666667,0.116878,6.886742626869868,0.6010096750484957,180,1,2024-03-06,73.8
2422128,Agility,120.67372222222222,86.86044444444444,0.288153,21.178894672011822,1.3892828086944065,180,1,2024-03-06,90.6
2422125,Agility,27.62080555555556,36.95455555555556,0.168488,9.744137759717848,0.7474262682995031,180,1,2024-03-06,81.5
2422261,Agility,16.633888888888887,36.801,0.118074,6.88019052838329,0.45199556775329164,180,1,2024-03-06,89.3
2422129,Agility,126.3398333333333,99.50233333333334,0.276805,20.992916606965643,1.269717293061804,180,1,2024-03-06,91.9
2421945,Agility,39.14908333333334,50.56433333333333,0.164336,14.293711534395802,0.7742430435155216,180,1,2024-03-06,86.7
2421841,Agility,43.097888888888896,66.54400000000001,0.115848,19.778339312960313,0.6476600277844567,180,1,2024-03-06,78.4
2422358,TrueBeam,6.907417582417583,27.889450549450544,0.159591,9.276889033375,0.24767133974798466,91,0,2024-03-06,94.2
2422026,Agility,93.51261111111111,88.29899999999999,0.277743,20.512203111760652,1.059044962129935,180,1,2024-03-06,86.5
2422051,Agility,104.44347222222223,83.71,0.297409,19.49554217764826,1.2476821433785956,180,1,2024-03-06,89.8
2422179,TrueBeam,12.299805555555556,21.69622222222222,0.211677,6.767155078066042,0.5669100099351654,180,1,2024-03-06,99.7
2422355,Agility,69.16919811320754,49.24584905660376,0.291616,10.963804523044793,1.4045691045696795,106,0,2024-03-06,91.4
2422139,Agility,44.194277777777785,50.849222222222224,0.175481,12.440036383405088,0.8691239678089691,180,1,2024-03-06,80.1
2422050,Agility,125.40422222222223,84.45944444444444,0.347471,19.358368083743926,1.4847862550731121,180,1,2024-03-06,88.8
2422027,Agility,100.58005555555556,91.67966666666669,0.271223,20.4863212072504,1.0970813836098394,180,1,2024-03-06,86.5
2422271,Agility,9.33175824175824,18.85010989010989,0.128815,4.44760564589079,0.49505060162298287,91,0,2024-03-06,86.7
2422435,TrueBeam,120.2027777777778,134.784,0.287238,16.55616431727077,0.8918178550701701,180,1,2024-03-06,98.9
2422419,TrueBeam,27.38602777777778,32.11122222222222,0.186954,8.046688137822635,0.8528491250895328,180,1,2024-03-06,97.0
2422360,TrueBeam,92.7538611111111,60.370666666666665,0.337046,15.218332618458783,1.5364061096632655,180,1,2024-03-06,98.8
2422272,Agility,85.19236111111113,59.64988888888889,0.366867,15.793866169709396,1.4282065347984259,180,1,2024-03-06,91.6
2422356,Agility,57.89028301886793,58.88924528301886,0.316634,11.322958460511508,0.9830365925161724,106,0,2024-03-06,93.5
2422140,Agility,45.554750000000006,61.52833333333332,0.208505,11.637302587930371,0.7403865427851669,180,1,2024-03-06,85.6
2422357,TrueBeam,20.445329670329663,42.036483516483514,0.190538,12.241965402783702,0.4863710748381833,91,0,2024-03-06,93.0
2422273,Agility,86.78686111111112,59.96355555555556,0.353843,14.890056914244933,1.4473268022057844,180,1,2024-03-06,93.7
2422422,Agility,48.17491666666667,70.52244444444445,0.142503,19.471551098488554,0.6831146742880911,180,1,2024-03-06,78.9
2422064,Agility,45.937194444444444,40.19233333333334,0.265985,11.34467511885206,1.1429342522482175,180,1,2024-03-06,89.8
2421946,Agility,41.71119444444445,62.32688888888889,0.18822,13.731380702982124,0.6692327370744213,180,1,2024-03-06,91.7
2422413,Agility,150.08166666666662,83.74857142857144,0.655474,21.396268733150237,1.7920504685225611,21,0,2024-03-06,91.1
2422262,Agility,19.466833333333334,44.34988888888889,0.166091,6.747859669769532,0.4389375897221338,180,1,2024-03-06,91.2
2422274,Agility,98.33841584158417,59.10257425742576,0.349414,14.585577367624772,1.6638601123068466,101,0,2024-03-06,78.8
2422672,TrueBeam,104.75505555555556,165.4751111111111,0.181803,37.234698865331424,0.6330562635804244,180,1,2024-03-06,76.8
2422432,TrueBeam,93.55983333333336,164.65533333333335,0.17943,37.05870191466171,0.56821623350595,180,1,2024-03-06,88.3
2422412,Agility,69.21926229508195,82.31934426229509,0.228276,20.40121111114804,0.8408626540382513,61,0,2024-03-06,92.4
2421951,Agility,7.982444444444443,17.436888888888888,0.183489,4.834113784685917,0.45779063543445564,180,1,2024-03-06,90.1
2422775,Agility,87.27972222222222,76.30177777777779,0.199954,21.22817378190973,1.1438753429365267,180,1,2024-03-07,88.9
2422440,Agility,85.53325000000001,87.50477777777778,0.269989,20.76843396641215,0.9774694842059419,180,1,2024-03-07,84.9
2422456,TrueBeam,70.53841666666668,44.013,0.474674,11.426992340940899,1.6026723165125458,180,1,2024-03-07,98.6
2422600,TrueBeam,8.72113888888889,17.147666666666666,0.163092,4.715217963543567,0.5085904139857059,180,1,2024-03-07,91.5
2422494,TrueBeam,72.53791666666667,60.23855555555556,0.305375,14.560218676452568,1.204177557009446,180,1,2024-03-07,99.7
2422640,Agility,21.529823008849558,32.71946902654867,0.225046,10.378113373294518,0.6580126037919563,113,0,2024-03-07,89.8
2422441,Agility,79.34669444444445,85.95033333333332,0.254987,20.742552061901897,0.9231691299755804,180,1,2024-03-07,82.4
2422498,TrueBeam,46.60197222222222,48.68844444444446,0.252756,12.26527706587564,0.9571464595751671,180,1,2024-03-07,98.8
2422634,Agility,75.34219444444444,87.91688888888889,0.146177,21.935019563466142,0.8569706616855313,180,1,2024-03-07,79.2
2422747,Agility,38.54544444444444,54.696999999999996,0.208224,13.8900133820368,0.7047085661817731,180,1,2024-03-07,95.4
2422497,TrueBeam,47.42186111111112,46.89255555555555,0.235815,13.251699483829825,1.011287624427474,180,1,2024-03-07,98.1
2422643,Agility,100.66305555555554,60.365333333333346,0.231317,15.71424879469296,1.6675639807983973,180,1,2024-03-07,88.3
2422638,TrueBeam,75.0838888888889,60.19611111111111,0.3331,17.262143902863393,1.24732125552592,180,1,2024-03-07,99.2
2422454,TrueBeam,77.83044444444444,48.09666666666668,0.568768,11.799193852748015,1.6182087000716145,180,1,2024-03-07,98.5
2422697,TrueBeam,17.63483333333333,32.67433333333334,0.218752,9.970869818210888,0.539715168888934,180,1,2024-03-07,97.6
2422639,TrueBeam,80.84075,64.18044444444445,0.397244,17.89835864818732,1.2595853877262717,180,1,2024-03-07,99.0
2422746,Agility,38.27038888888889,56.70444444444444,0.176455,13.433330249197702,0.6749098640122272,180,1,2024-03-07,89.7
2422635,Agility,86.43436111111112,86.8141111111111,0.174462,22.14637451887222,0.9956257111299112,180,1,2024-03-07,89.3
2422468,TrueBeam,61.93158333333334,39.339333333333336,0.457282,9.793298339457731,1.5742916334796389,180,1,2024-03-07,98.9
2422686,TrueBeam,124.88697222222224,72.83822222222223,0.38726,19.370778247942383,1.7145801807353893,180,1,2024-03-07,94.0
2422599,TrueBeam,75.9255,51.525,0.317172,11.80006615395158,1.473566229985444,180,1,2024-03-07,90.3
2422632,Agility,57.7353611111111,61.45466666666667,0.203461,15.11781767393515,0.939478875123849,180,1,2024-03-07,91.2
2422625,TrueBeam,78.7982967032967,53.600439560439554,0.422699,13.12004671559388,1.4701054198341823,91,0,2024-03-07,94.9
2422633,Agility,56.42008333333333,61.800888888888885,0.195715,15.846658679927078,0.9129332012484538,180,1,2024-03-07,90.2
2422687,TrueBeam,108.24494444444444,74.37633333333335,0.311475,15.692332821206307,1.4553681203847697,180,1,2024-03-07,93.4
2422428,TrueBeam,24.91821428571429,29.487857142857145,0.259613,8.553939119100018,0.8450330644575249,84,0,2024-03-07,99.5
2422644,Agility,110.44144444444444,80.37899999999999,0.339433,17.003765635249167,1.3740086893895727,180,1,2024-03-07,95.6
2422701,Agility,30.173777777777783,30.31144444444444,0.32504,7.420471846937705,0.9954582610895044,180,1,2024-03-07,92.4
2432811,Agility,28.86152777777778,69.13644444444445,0.083566,9.205027742820075,0.41745750753743,180,1,2024-04-17,85.4
2432903,Agility,43.640861111111114,39.428333333333335,0.234491,9.424230844987903,1.1068401177945921,180,1,2024-04-17,89.1
2432759,TrueBeam,14.989027777777777,30.624111111111112,0.085676,10.45897623734132,0.48945184803549846,180,1,2024-04-17,96.0
2432888,Agility,17.137249999999998,30.23444444444445,0.167498,8.469188568559602,0.566812134798427,180,1,2024-04-17,90.9
2432579,Agility,207.24341666666663,106.66833333333335,0.362822,27.19010014410926,1.9428766738019712,180,1,2024-04-17,93.6
2432580,Agility,184.32069444444448,98.8248888888889,0.308435,26.35303467463535,1.8651242264656678,180,1,2024-04-17,90.8
2432724,TrueBeam,111.18816666666667,83.03611111111111,0.317151,19.17148758321344,1.3390338875321983,180,1,2024-04-17,99.4
2432636,Agility,52.053000000000004,50.11799999999999,0.219787,12.51406520528764,1.0386088830360354,180,1,2024-04-17,92.5
2432876,Agility,47.80316666666666,65.66755555555555,0.273308,13.682516215959694,0.7279571511722346,180,1,2024-04-17,91.0
2432769,Agility,18.688666666666663,31.116777777777784,0.164387,8.169987177437857,0.6005977482672796,180,1,2024-04-17,91.1
2432601,Agility,49.23841666666666,62.86588888888889,0.263526,11.758827520932755,0.7832294673140175,180,1,2024-04-17,95.8
2432768,TrueBeam,8.960583333333334,21.899222222222225,0.135041,6.679156602731185,0.40917358810307825,180,1,2024-04-17,99.2
2432877,Agility,55.92416666666668,64.30311111111111,0.301818,14.184562030602143,0.8696961266778178,180,1,2024-04-17,92.0
2432725,TrueBeam,116.68094444444445,80.77555555555556,0.300647,19.369749546745204,1.4445081020110595,180,1,2024-04-17,98.2
2432726,Agility,89.26747222222222,76.75522222222223,0.212578,17.704481510622664,1.1630149667702667,180,1,2024-04-17,86.3
2432655,TrueBeam,28.79108333333333,29.22822222222222,0.374792,7.796756964433562,0.9850439453496239,180,1,2024-04-17,98.7
2432643,Agility,72.60958333333335,80.72633333333333,0.217024,20.855403740549825,0.8994535034003777,180,1,2024-04-17,83.6
2432546,TrueBeam,13.537666666666665,26.271111111111107,0.153637,8.043663758478132,0.5153062087633227,180,1,2024-04-17,98.4
2432815,Agility,101.2692857142857,91.80329670329671,0.243577,18.441259570139096,1.1031116457787191,91,0,2024-04-17,81.4
2432814,Agility,111.91285714285713,87.24,0.242877,20.101178743188157,1.28281587738259,91,0,2024-04-17,84.6
2432642,Agility,75.17405555555555,83.57711111111111,0.249495,20.8528155500988,0.8994574537951646,180,1,2024-04-17,85.4
2432727,Agility,107.75330555555556,77.12766666666667,0.261048,18.296148422710257,1.3970772125292985,180,1,2024-04-17,86.0
2432770,Agility,110.68811111111111,102.56611111111108,0.300356,15.282629105389544,1.0791879492359944,180,1,2024-04-17,96.8
2432891,Agility,21.318916666666667,39.36877777777777,0.25846,7.758242622239372,0.5415183775072746,180,1,2024-04-17,93.4
2432760,Agility,77.55769444444445,61.73522222222222,0.196565,15.284128366504246,1.2562957036951714,180,1,2024-04-17,84.5
2432737,Agility,22.482222222222223,33.79711111111111,0.154322,8.015724451573524,0.6652113592877762,180,1,2024-04-17,84.0
2432845,Agility,26.75716666666667,42.04022222222222,0.073272,10.034015090232671,0.6364658713084296,180,1,2024-04-17,85.7
2432490,TrueBeam,43.093217821782176,34.92732673267326,0.391894,10.509723103329492,1.2337966243912397,101,0,2024-04-17,95.2
2435268,TrueBeam,23.25084507042254,54.54507042253521,0.142392,13.004129577739496,0.42626849484855533,71,0,2024-04-26,93.4
2435004,Agility,74.06897222222223,64.54766666666667,0.302082,14.078745927874069,1.1475081292206104,180,1,2024-04-26,98.5
2435177,Agility,48.56966666666667,49.34077777777778,0.274067,12.870704699472451,0.9843717276897406,180,1,2024-04-26,91.9
2435300,Agility,107.14149999999998,79.02755555555555,0.247578,21.153012767501572,1.3557486277641553,180,1,2024-04-26,88.9
2435286,Agility,34.04496453900709,55.95631205673759,0.249075,8.808727391187194,0.6084204495908662,141,0,2024-04-26,94.7
2435235,Agility,64.07797222222224,73.73255555555556,0.228389,15.690601147264061,0.8690594234719174,180,1,2024-04-26,92.7
2435126,TrueBeam,110.95655555555555,62.79455555555556,0.42597,14.586707843418317,1.7669773211053328,180,1,2024-04-26,95.9
2435002,Agility,133.57944444444442,110.15011111111109,0.221455,24.15929508005563,1.212703674077093,180,1,2024-04-26,91.7
2435055,Agility,88.91856435643565,85.1380198019802,0.188975,22.01956063393137,1.0444048917657294,101,0,2024-04-26,90.9
2435192,Agility,78.71683333333333,73.26866666666668,0.192984,17.388457268119897,1.0743587527183058,180,1,2024-04-26,94.6
2435193,Agility,84.34644444444446,81.76833333333333,0.298736,16.885873608098947,1.0315294565269089,180,1,2024-04-26,96.5
2435003,Agility,69.14927777777778,56.529555555555554,0.235192,14.177740877240181,1.2232411363966933,180,1,2024-04-26,92.6
2435296,Agility,105.28483333333334,82.39522222222222,0.246962,19.26154346094266,1.2778026503694255,180,1,2024-04-26,88.3
2435234,Agility,76.96047222222221,62.49,0.312045,16.184098565255976,1.231564605892498,180,1,2024-04-26,89.2
2434810,TrueBeam,49.46886111111111,58.05211111111111,0.183779,14.417366784121793,0.8521457732420488,180,1,2024-04-26,97.3
2435104,Agility,23.768777777777775,45.47588888888889,0.114457,6.25082394568908,0.5226676895937529,180,1,2024-04-26,82.1
2435001,Agility,183.49761111111107,110.93899999999998,0.330576,25.1047145479927,1.654040608903191,180,1,2024-04-26,96.0
2435056,Agility,85.96034653465347,79.7928712871287,0.152505,21.998643255671936,1.077293562044303,101,0,2024-04-26,84.3
2434811,TrueBeam,108.97461538461539,52.938974358974356,0.620785,12.424105830510825,2.0584950257190187,39,0,2024-04-26,76.4
2435129,TrueBeam,87.57033333333334,63.780777777777786,0.31539,15.113669994230278,1.3729894238424325,180,1,2024-04-26,96.6
2435207,Agility,34.81802777777778,40.44144444444445,0.266806,11.586431447707284,0.8609491638116014,180,1,2024-04-26,88.4
2435285,Agility,24.39613475177305,33.814468085106384,0.176366,9.038086990820256,0.7214703094063559,141,0,2024-04-26,87.3
2435010,Agility,89.16488888888888,76.45533333333333,0.270893,18.825698763973243,1.166235042101561,180,1,2024-04-26,90.8
2435293,Agility,28.526170212765955,45.58780141843971,0.287653,7.343138054964246,0.6257413019533656,141,0,2024-04-26,95.9
2435102,Agility,21.998583333333332,36.45722222222222,0.111631,9.512760108379426,0.6034081038660226,180,1,2024-04-26,78.9
2435266,TrueBeam,41.42208333333333,66.88022222222222,0.162916,15.138146276394874,0.619347274231545,180,1,2024-04-26,95.3
2435335,TrueBeam,17.240555555555552,33.16122222222222,0.235809,6.346132678719179,0.5199010892910393,180,1,2024-04-26,96.8
2435334,TrueBeam,15.174277777777776,27.80811111111111,0.179666,7.0016517079121545,0.5456781194935131,180,1,2024-04-26,94.7
2435267,TrueBeam,37.7725,65.76344444444443,0.143219,15.203986524875273,0.5743692460012403,180,1,2024-04-26,94.8
2435292,Agility,26.27904255319149,36.498723404255315,0.201284,7.515471606532654,0.7199989507065244,141,0,2024-04-26,87.8
2435007,Agility,85.99963888888888,74.217,0.261262,18.67040733691173,1.1587592989327093,180,1,2024-04-26,90.2
2433484,TrueBeam,69.9252777777778,79.67933333333333,0.244884,15.739527912525155,0.8775836198986495,180,1,2024-04-19,96.8
2433282,Agility,87.44825,77.43488888888889,0.278224,17.918272616860577,1.1293133012107663,180,1,2024-04-19,88.1
2433373,TrueBeam,58.05350000000001,40.24011111111111,0.32305,9.628135927707913,1.4426774279947319,180,1,2024-04-19,92.8
2433299,TrueBeam,102.43477777777778,71.06722222222223,0.373662,17.02222793274919,1.4413786633938133,180,1,2024-04-19,96.5
2433519,Agility,83.75686111111112,58.13288888888888,0.331202,15.464983370434656,1.4407827085833993,180,1,2024-04-19,93.4
2433283,TrueBeam,12.693555555555557,21.454555555555558,0.317186,6.9799174831067745,0.5916484973406322,180,1,2024-04-19,80.6
2433485,TrueBeam,57.078098591549306,69.44140845070422,0.222115,14.796932323030848,0.8219605544445213,71,0,2024-04-19,97.6
2433420,Agility,77.89875,45.27633333333334,0.354051,10.248251316600506,1.720518077877331,180,1,2024-04-19,96.4
2433271,Agility,91.85666666666667,61.58244444444445,0.301249,16.496294483134406,1.491604750271542,180,1,2024-04-19,96.4
2433343,Agility,70.24130555555556,74.25366666666666,0.205539,19.03484427736577,0.9459641349548021,180,1,2024-04-19,90.8
2433512,Agility,82.11638888888889,52.01144444444445,0.416115,15.548652883472407,1.5788138507977945,180,1,2024-04-19,89.0
2433553,Agility,63.54080555555554,46.29355555555556,0.473414,14.406460636886191,1.3725626557092176,180,1,2024-04-19,90.4
2433513,TrueBeam,7.772972222222223,20.08888888888889,0.111449,5.938857746779779,0.3869289269911505,180,1,2024-04-19,85.1
2433616,Agility,17.807622950819674,28.364262295081968,0.181708,8.050612425489287,0.6278190056755789,61,0,2024-04-19,91.8
2433342,Agility,79.89463888888889,77.05033333333334,0.265621,18.923552087971686,1.0369149026682414,180,1,2024-04-19,90.2
2433483,TrueBeam,68.99141666666668,77.28966666666666,0.250887,15.515232359856679,0.8926344185725563,180,1,2024-04-19,96.3
2433270,Agility,92.03233333333333,62.523888888888884,0.329888,16.53770553035081,1.4719547195294242,180,1,2024-04-19,94.4
2433460,Agility,59.46338028169015,43.9569014084507,0.403279,9.958022693250804,1.3527655129544307,71,0,2024-04-19,94.8
2433459,Agility,69.62823943661971,42.85830985915493,0.500464,9.236806642770926,1.6246146818537333,71,0,2024-04-19,86.8
2433300,TrueBeam,98.90947222222223,75.32344444444445,0.36384,16.592588317879006,1.3131299683881807,180,1,2024-04-19,98.3
2433582,Agility,105.62180555555555,50.55344444444444,0.540329,12.58926368377463,2.089309773375152,180,1,2024-04-19,93.2
2433330,Agility,64.11543103448277,76.93741379310345,0.18487,21.63030138660354,0.8333452851287546,116,0,2024-04-19,0.0
2433598,TrueBeam,179.35883333333334,72.28466666666667,0.457369,20.699830482001904,2.4812846431239453,180,1,2024-04-19,93.8
2433609,Agility,49.231147540983606,42.81377049180327,0.210175,10.034286247398011,1.1498904902666527,61,0,2024-04-19,95.7
2433599,TrueBeam,185.12833333333327,73.66411111111111,0.490509,20.774888005081635,2.5131414815295243,180,1,2024-04-19,91.1
2433331,Agility,61.5580603448276,84.33724137931036,0.183961,17.543319241238244,0.7299036503692075,116,0,2024-04-19,0.0
2433346,Agility,11.53775,21.697555555555557,0.114192,5.649056803223152,0.5317534489292188,180,1,2024-04-19,83.0
2433595,Agility,41.31102777777778,47.97922222222221,0.25187,11.695917320611134,0.8610191217031449,180,1,2024-04-19,86.0
2433281,Agility,90.30058333333334,76.41622222222222,0.280266,18.08391680572619,1.1816938957114982,180,1,2024-04-19,83.8
2433278,Agility,180.0671944444444,98.48055555555555,0.353278,26.558281755187842,1.8284542915973256,180,1,2024-04-19,93.5
2429532,Agility,97.0743611111111,87.95544444444444,0.27753,21.681567282483535,1.1036765458268643,180,1,2024-04-04,82.8
2429660,Agility,104.48374999999999,90.52444444444446,0.348692,16.739249187874805,1.154204818833464,180,1,2024-04-04,93.3
2429441,TrueBeam,77.46333333333334,58.98666666666667,0.297528,14.706723850044018,1.3132346292947559,180,1,2024-04-04,98.7
2429587,Agility,61.92819444444445,53.724222222222224,0.243405,14.546325497399092,1.1527052767425412,180,1,2024-04-04,88.9
2429568,Agility,68.89327777777778,48.324222222222225,0.300751,10.724559729959463,1.4256469035542332,180,1,2024-04-04,97.5
2429661,Agility,15.32313186813187,30.41318681318681,0.086964,8.000933652123122,0.5038318398612517,91,0,2024-04-04,91.8
2429533,Agility,96.71352777777778,89.23455555555554,0.247787,21.59200931789483,1.083812511595533,180,1,2024-04-04,82.5
2429646,Agility,106.6251111111111,85.41222222222223,0.247445,22.369993067540086,1.248358939001704,180,1,2024-04-04,92.1
2429555,Agility,71.48791666666668,46.330555555555556,0.371828,14.05436083633479,1.542997182085257,180,1,2024-04-04,95.9
2429557,Agility,32.08255555555555,26.981222222222225,0.365675,6.246041375683993,1.1890697645687738,180,1,2024-04-04,97.7
2429687,Agility,22.57054455445545,22.698811881188124,0.224912,5.74271468207326,0.9943491612070243,101,0,2024-04-04,80.5
2429645,Agility,121.03916666666669,85.87311111111111,0.291833,21.377156635543585,1.4095118378796625,180,1,2024-04-04,90.6
2429731,Agility,63.33923076923078,70.37428571428572,0.268573,12.431342693482936,0.9000337286034173,91,0,2024-04-04,91.9
2426714,Agility,9.984583333333333,23.739333333333335,0.126287,6.785046623716955,0.4205924064141088,180,1,2024-04-04,89.4
2429662,Agility,20.496978021978023,33.42307692307692,0.100428,8.349556623113754,0.6132582607266153,91,0,2024-04-04,91.4
2429588,Agility,73.88433333333333,62.6441111111111,0.322168,14.216201853264812,1.1794298302403172,180,1,2024-04-04,96.6
2429547,Agility,198.21744444444437,89.20033333333333,0.557832,18.790851104741314,2.2221603556538767,180,1,2024-04-04,97.1
2429546,Agility,175.3571111111111,83.67355555555555,0.480676,18.88781533479785,2.095729169709798,180,1,2024-04-04,95.1
2429383,Agility,13.836194444444441,30.19844444444444,0.065301,7.085004590401629,0.4581757338494256,180,1,2024-04-04,59.2
2429442,TrueBeam,66.40786111111113,72.52133333333333,0.269954,13.036847497690275,0.9157010504188808,180,1,2024-04-04,99.3
2429659,Agility,92.34949999999998,78.92333333333333,0.328415,17.468956179579372,1.1701165688220634,180,1,2024-04-04,90.8
2429634,TrueBeam,13.702416666666666,34.05511111111111,0.169703,6.300155977498543,0.40236006342660263,180,1,2024-04-04,86.3
2429663,TrueBeam,45.40327777777778,49.12988888888889,0.271442,12.300547914693936,0.9241477805997255,180,1,2024-04-04,97.1
2429675,TrueBeam,14.455305555555555,28.515,0.14596,8.453971988798417,0.5069368948116975,180,1,2024-04-04,83.5
2429730,Agility,49.46626373626374,58.82593406593407,0.117865,12.452977335660213,0.8408921085863303,91,0,2024-04-04,85.2
2424101,Agility,71.67888888888889,81.544,0.216803,21.477598149993057,0.8790210057010803,180,1,2024-03-13,80.5
2424013,Agility,13.49961111111111,23.460222222222225,0.168905,5.7241143263028835,0.5754255429994979,180,1,2024-03-13,91.3
2424208,TrueBeam,55.33947222222222,60.420777777777786,0.30326,15.294199613574886,0.9159013547583887,180,1,2024-03-13,100.0
2423975,Agility,107.7538888888889,109.27933333333333,0.153417,28.844184711499764,0.9860408697791797,180,1,2024-03-13,75.4
2424249,Agility,56.55497222222223,56.71544444444445,0.235399,13.954127797254834,0.9971705727814686,180,1,2024-03-13,87.2
2424024,Agility,53.710472222222236,38.851666666666674,0.351059,9.767431473777076,1.382449630360488,180,1,2024-03-13,93.5
2423974,Agility,132.9117777777778,114.37411111111109,0.176312,28.079109039193483,1.1620792195592051,180,1,2024-03-13,83.5
2424209,TrueBeam,16.936638888888886,38.757444444444445,0.12249,13.562308063157982,0.43699059965540665,180,1,2024-03-13,99.6
2424100,Agility,52.97147222222223,50.54822222222222,0.229395,12.586534537916346,1.0479393714253058,180,1,2024-03-13,92.8
2424317,Agility,56.86361111111111,74.24222222222221,0.150481,20.182746517795458,0.7659201113472419,180,1,2024-03-13,82.9
2424330,TrueBeam,11.848972222222223,25.282222222222224,0.09539,7.713404081944087,0.46866814625999825,180,1,2024-03-13,93.6
2424297,Agility,88.41408333333334,52.14466666666667,0.399569,13.833013634113316,1.695553715944104,180,1,2024-03-13,83.2
2424014,Agility,24.118305555555555,29.035333333333337,0.319597,8.319571435540654,0.830653648045676,180,1,2024-03-13,90.9
2423616,TrueBeam,37.45047222222222,131.67322222222222,0.102194,23.26381310103741,0.2844198052586411,180,1,2024-03-13,91.0
2424125,Agility,13.632777777777775,34.49,0.193072,4.6691382152525085,0.3952675493701877,180,1,2024-03-13,96.3
2423615,TrueBeam,25.36583333333333,122.02144444444444,0.097041,18.91911863244657,0.20788012671725278,180,1,2024-03-13,87.5
2424241,Agility,32.26197802197803,41.39824175824176,0.133527,9.992604043016268,0.7793079283507292,91,0,2024-03-13,92.9
2423614,TrueBeam,17.195972222222224,110.84633333333335,0.065685,21.988518766965424,0.15513343297076934,180,1,2024-03-13,71.2
2424329,TrueBeam,23.198681818181814,25.232363636363637,0.175186,7.268382796600036,0.9194018504373891,110,0,2024-03-13,99.3
2424104,Agility,64.13947222222222,78.31566666666666,0.221645,21.060899487377995,0.818986480638896,180,1,2024-03-13,80.4
2424276,Agility,96.95877777777778,61.218888888888884,0.319778,15.341655715203714,1.5838049258580325,180,1,2024-03-13,82.1
2424103,Agility,73.83741666666667,81.70333333333333,0.205307,20.97290101204314,0.903725878177145,180,1,2024-03-13,81.3
2423613,TrueBeam,27.96291666666666,127.9691111111111,0.094312,25.255942560226835,0.21851301789841643,180,1,2024-03-13,89.2
2424319,Agility,58.074888888888886,73.68711111111111,0.146934,20.001024514923586,0.788128181620787,180,1,2024-03-13,79.1
2424207,TrueBeam,66.85208333333334,56.31433333333332,0.398823,16.10030134412755,1.1871237636362564,180,1,2024-03-13,98.2
2423612,TrueBeam,27.25138888888889,125.31466666666667,0.081398,21.486044980488536,0.21746368253427817,180,1,2024-03-13,88.6
2423110,Agility,4.887583333333334,16.163555555555558,0.064783,4.106993207552643,0.3023829327980642,180,1,2024-03-13,88.9
2424102,Agility,85.90216666666666,84.04066666666667,0.264212,21.617360434348416,1.0221499908774323,180,1,2024-03-13,84.0
2424480,Agility,5.535472222222223,16.83388888888889,0.073712,4.548545073480773,0.3288290815484638,180,1,2024-03-14,85.1
2424357,TrueBeam,20.52636111111111,26.874444444444443,0.264741,8.421041651187302,0.7637873651134908,180,1,2024-03-14,97.9
2424402,TrueBeam,5.752944444444444,14.845555555555555,0.23108,4.710041582641516,0.38751964673302897,180,1,2024-03-14,98.2
2424434,Agility,91.48355555555555,86.36644444444444,0.191263,21.651763399536254,1.0592488337806092,180,1,2024-03-14,84.0
2424589,TrueBeam,31.995749999999994,46.36233333333333,0.249043,13.885278695404333,0.6901238074011229,180,1,2024-03-14,95.1
2424435,Agility,87.70219444444444,85.56644444444444,0.190226,22.310227315237817,1.0249601349438644,180,1,2024-03-14,85.7
2424478,Agility,17.991122448979592,25.53734693877551,0.234829,6.566237481067566,0.7045024094363598,98,0,2024-03-14,88.2
2424388,Agility,92.28391666666664,85.62511111111111,0.270046,21.285043355420008,1.0777669712675146,180,1,2024-03-14,83.4
2424490,Agility,14.486888888888886,24.436777777777777,0.170199,6.231399654703825,0.5928313880262445,180,1,2024-03-14,90.0
2424385,TrueBeam,68.61305555555556,43.24955555555555,0.391797,11.352085636228615,1.5864453327715637,180,1,2024-03-14,92.4
2424556,TrueBeam,12.351833333333333,23.351444444444446,0.278729,6.424485237333535,0.5289537168769003,180,1,2024-03-14,89.5
2424517,Agility,65.07955555555556,78.75655555555555,0.145943,19.949602626702465,0.8263382660208887,180,1,2024-03-14,85.6
2424433,Agility,51.254416666666664,41.54600000000001,0.403799,10.52671619392228,1.2336787336125417,180,1,2024-03-14,88.6
2424365,TrueBeam,79.67680555555557,75.04655555555556,0.248455,17.29540162027404,1.061698367976027,180,1,2024-03-14,97.5
2424518,Agility,67.76394444444445,75.88433333333334,0.15661,19.54389036496911,0.8929899159393169,180,1,2024-03-14,80.7
2424386,TrueBeam,44.29936111111111,40.865,0.278127,9.148341284639049,1.0840416275813314,180,1,2024-03-14,98.3
2424515,TrueBeam,139.9658333333333,59.26877777777777,0.551521,16.358334292084166,2.361544114476612,180,1,2024-03-14,94.1
2424387,Agility,99.12302777777776,89.83933333333333,0.271878,21.842035090447094,1.1033366355246526,180,1,2024-03-14,89.5
2424364,TrueBeam,96.11105555555554,77.76799999999999,0.298764,20.800769909591885,1.2358689378093246,180,1,2024-03-14,98.0
2424553,Agility,188.12105555555556,121.05788888888888,0.288712,25.623902329961822,1.5539760133122722,180,1,2024-03-14,77.8
2424363,Agility,13.267638888888888,21.964222222222222,0.189778,5.1919757945888705,0.6040568500288347,180,1,2024-03-14,92.7
2424358,TrueBeam,31.692083333333326,30.043555555555557,0.292772,9.665961258130427,1.0548712609840525,180,1,2024-03-14,100.0
2424552,Agility,185.34983333333335,119.56833333333336,0.265152,25.772938650060315,1.5501582079982157,180,1,2024-03-14,75.5
2429358,Agility,79.37108333333335,90.03966666666665,0.238223,22.076000932236546,0.881512407494475,180,1,2024-04-03,86.1
2429345,TrueBeam,20.727583333333328,40.507333333333335,0.192778,9.493069944426013,0.5116995276575433,180,1,2024-04-03,99.0
2429257,Agility,102.23455555555552,100.65277777777777,0.240141,21.397237980298385,1.0157151924934453,180,1,2024-04-03,85.9
2429237,TrueBeam,86.2396388888889,69.53977777777779,0.317073,16.94302272996459,1.2401483243802909,180,1,2024-04-03,98.0
2429256,Agility,120.39358333333334,99.54666666666668,0.292056,22.979810187701005,1.2094185306723813,180,1,2024-04-03,88.4
2429279,TrueBeam,10.010555555555555,19.67488888888889,0.139318,5.9487561074854085,0.5087985813840541,180,1,2024-04-03,89.9
2429238,TrueBeam,88.80344444444447,78.08855555555556,0.337776,14.91748854132215,1.1372145868579406,180,1,2024-04-03,99.6
2429255,Agility,57.54966666666667,81.57244444444444,0.169025,23.048002956839753,0.7055037648879251,180,1,2024-04-03,86.2
2429063,Agility,64.99275000000002,78.0398888888889,0.162179,21.565041156259326,0.8328144866087003,180,1,2024-04-03,78.4
2429346,TrueBeam,20.80430555555556,26.705,0.185517,7.156823445883033,0.7790415860533817,180,1,2024-04-03,94.6
2429254,Agility,63.507999999999996,83.00822222222222,0.151598,22.989608609198818,0.7650808353657067,180,1,2024-04-03,79.6
2429064,Agility,62.97558333333333,76.60622222222221,0.164241,21.24125529270877,0.822068775962498,180,1,2024-04-03,74.3
2429443,TrueBeam,8.602333333333334,23.801666666666662,0.18623,5.333371718240998,0.36141726769834054,180,1,2024-04-03,99.3
2429357,Agility,87.11913888888888,89.62577777777777,0.255456,21.894827600664783,0.9720321658451437,180,1,2024-04-03,86.3
2429253,Agility,61.05477777777778,72.28377777777779,0.155766,18.912006671562576,0.8446539411025064,180,1,2024-04-03,79.0
2429252,Agility,53.82991666666667,74.33877777777778,0.135492,19.510333124768252,0.7241162455963615,180,1,2024-04-03,80.6
2429376,TrueBeam,11.724138888888888,22.049,0.263964,5.666455686412066,0.5317310938767694,180,1,2024-04-03,94.9
2426813,Agility,71.50705555555555,65.43544444444446,0.215485,17.261272345435916,1.0927878027368787,180,1,2024-03-22,87.9
2426844,Agility,46.20863888888889,41.28066666666666,0.297145,10.568550950441157,1.119377244122888,180,1,2024-03-22,93.1
2426805,TrueBeam,76.01302777777776,125.33477777777777,0.205392,16.742701271744316,0.6064799341851556,180,1,2024-03-22,97.7
2426690,TrueBeam,88.92928571428571,48.74857142857143,0.691817,11.69570034465604,1.8242439338881724,14,0,2024-03-22,96.3
2426891,Agility,18.345749999999995,59.617666666666665,0.117535,10.93960968329197,0.30772338177162245,180,1,2024-03-22,86.4
2426737,Agility,24.760405405405407,41.295135135135126,0.211548,8.19860664634129,0.599596183046233,111,0,2024-03-22,92.9
2426845,Agility,40.49194444444444,41.546,0.236854,10.017288598319213,0.9746291928090416,180,1,2024-03-22,92.1
2426687,Agility,163.94857142857143,62.18190476190476,0.789318,15.488953478933269,2.6365961617987166,21,0,2024-03-22,88.8
2426835,Agility,57.55316666666668,67.2418888888889,0.165951,16.305602788478826,0.8559124024872063,180,1,2024-03-22,87.6
2426550,TrueBeam,12.865499999999997,24.41711111111111,0.146878,7.535127018922193,0.5269050847766137,180,1,2024-03-22,98.2
2426803,TrueBeam,74.35569444444445,56.047333333333334,0.357914,15.011171077386452,1.3266589152819246,180,1,2024-03-22,98.5
2426878,Agility,29.283416666666664,37.16811111111111,0.33149,12.313418037221298,0.7878639993064545,180,1,2024-03-22,85.5
2426881,Agility,43.540666666666674,61.82344444444445,0.185469,14.309773090682716,0.7042743583430235,180,1,2024-03-22,86.2
2426551,TrueBeam,9.574972222222224,24.582666666666668,0.182092,6.455688304799189,0.389500958218076,180,1,2024-03-22,96.3
2426547,Agility,78.64422413793105,87.54206896551723,0.149789,21.003320115007664,0.898359212516544,116,0,2024-03-22,76.9
2426971,TrueBeam,11.086805555555554,19.473999999999997,0.217094,5.356060494200637,0.5693132153412527,180,1,2024-03-22,86.2
2426972,TrueBeam,11.03122222222222,19.94211111111111,0.196395,5.594174015694955,0.5531622083920681,180,1,2024-03-22,84.4
2426548,Agility,87.70797413793105,86.21120689655173,0.192781,20.706990589665626,1.0173616319184042,116,0,2024-03-22,85.0
2426374,Agility,62.267805555555555,78.39755555555556,0.125342,19.875520245366957,0.7942569779670001,180,1,2024-03-22,79.8
2426883,Agility,42.599722222222226,54.84166666666667,0.213315,14.699355652982142,0.7767765790406727,180,1,2024-03-22,77.2
2426712,Agility,150.73958333333331,75.28666666666666,0.514248,19.344896343432133,2.0022082263348975,180,1,2024-03-22,94.2
2426552,TrueBeam,8.944,19.919666666666668,0.158458,5.092065068196067,0.44900349738114764,180,1,2024-03-22,89.1
2426713,Agility,155.44352777777775,75.2,0.548379,19.049842632015256,2.0670681885342783,180,1,2024-03-22,92.9
2426375,Agility,69.54805555555556,81.7451111111111,0.148712,20.036758369450123,0.850791620565824,180,1,2024-03-22,83.0
2426836,Agility,51.487611111111114,65.92666666666668,0.157095,16.79585612067741,0.7809830788418107,180,1,2024-03-22,85.5
2426738,Agility,28.72274774774775,35.82846846846847,0.225455,8.060752390438132,0.8016738916157065,111,0,2024-03-22,94.7
2426807,TrueBeam,43.93985915492958,59.55070422535212,0.178982,15.055784878991394,0.7378562474870508,71,0,2024-03-22,97.1
2426903,Agility,223.70463888888884,98.92822222222219,0.43291,26.466702920817685,2.2612823101822426,180,1,2024-03-22,83.9
2426688,Agility,82.44390625,69.08729166666666,0.283458,16.293400984494152,1.1933295438439897,96,0,2024-03-22,85.8
2426689,TrueBeam,51.98705555555554,43.943888888888885,0.273401,10.906281732831339,1.1830326552800918,180,1,2024-03-22,97.7
2426810,Agility,14.651583333333333,23.706777777777774,0.200503,6.124255145014612,0.6180335206527905,180,1,2024-03-22,93.1
2426902,Agility,11.869222222222222,31.43322222222222,0.057758,8.687720904974668,0.3776011933587606,180,1,2024-03-22,75.1
2426806,TrueBeam,67.65463888888891,127.73300000000002,0.190264,16.634765327174257,0.5296566970860224,180,1,2024-03-22,96.0
2427039,Agility,111.2125,83.55300000000001,0.298323,18.808112218872736,1.3310413749356695,180,1,2024-03-25,92.4
2427296,Agility,13.196612903225805,24.9683870967742,0.339407,6.647830806866394,0.5285328544482053,31,0,2024-03-25,91.2
2427392,TrueBeam,28.10377777777778,122.02233333333335,0.061563,26.38848132160947,0.23031667244885043,180,1,2024-03-25,0.0
2427131,Agility,110.80693069306929,60.227326732673276,0.38773,13.0,1.8398115391191125,101,0,2024-03-25,92.0
2427189,Agility,71.21191666666667,58.836888888888886,0.229972,13.949769386551587,1.210327704463564,180,1,2024-03-25,83.9
2427388,TrueBeam,24.258500000000005,124.02266666666668,0.057583,20.574688862950048,0.1955973101691089,180,1,2024-03-25,0.0
2427389,TrueBeam,21.909222222222223,120.17044444444444,0.062624,22.21729506488132,0.1823178929187617,180,1,2024-03-25,0.0
2427171,Agility,88.5357777777778,86.02533333333334,0.246399,22.42696613237879,1.029182618040164,180,1,2024-03-25,84.9
2427002,TrueBeam,101.7415,72.85433333333334,0.404054,13.296591390294669,1.396505812969258,180,1,2024-03-25,88.5
2427297,TrueBeam,102.21483333333332,48.556,0.562326,12.406674681961292,2.105091715407639,180,1,2024-03-25,93.4
2427203,Agility,70.61263888888888,49.559999999999995,0.481471,12.911087045491676,1.4247909380324635,180,1,2024-03-25,91.7
2427300,TrueBeam,16.506166666666665,39.95177777777778,0.127966,11.007951413913789,0.41315224465049527,180,1,2024-03-25,96.7
2427269,Agility,70.52822222222223,82.87266666666666,0.189799,20.32001453338001,0.8510432336623522,180,1,2024-03-25,88.1
2427090,TrueBeam,78.68422222222223,69.99411111111111,0.231458,17.350928120029387,1.1241548892208393,180,1,2024-03-25,94.6
2427089,TrueBeam,69.35847222222222,69.62677777777778,0.21511,17.48033764258065,0.9961465177031187,180,1,2024-03-25,96.3
2425775,Agility,146.51091666666667,105.41566666666667,0.252207,24.016741316722978,1.3898400617239057,180,1,2024-03-25,90.9
2427206,TrueBeam,93.82213888888889,102.68455555555556,0.355153,15.683628406717624,0.9136927981163454,180,1,2024-03-25,86.7
2425774,Agility,144.75561111111108,103.696,0.22921,23.915640655135693,1.39596137855955,180,1,2024-03-25,89.7
2427270,Agility,88.5053888888889,101.21244444444443,0.241521,20.443053161529225,0.8744516484578095,180,1,2024-03-25,85.5
2427001,TrueBeam,111.19605555555556,69.18911111111112,0.421069,16.341003056072893,1.6071323040555514,180,1,2024-03-25,93.3
2427040,Agility,84.8708888888889,90.289,0.236975,17.977737864377712,0.9399914595231855,180,1,2024-03-25,92.0
2427386,TrueBeam,47.09052777777778,133.963,0.113835,25.484016972665074,0.35151891027953824,180,1,2024-03-25,0.0
2427294,Agility,9.889553571428573,19.72714285714286,0.204516,5.070660182369243,0.5013170758201174,56,0,2024-03-25,90.7
2427129,Agility,104.4290099009901,60.18019801980197,0.320825,13.36190618096164,1.7352719555131455,101,0,2024-03-25,92.0
2427191,Agility,107.36116666666668,73.32366666666665,0.204908,16.988470312149733,1.4642089184483413,180,1,2024-03-25,94.6
2427312,Agility,86.01933333333334,71.31955555555555,0.357244,18.25214918504283,1.206111460780587,180,1,2024-03-25,90.6
2427187,Agility,40.68105555555556,62.34244444444444,0.148066,14.533099138802049,0.652541874449724,180,1,2024-03-25,94.8
2427365,Agility,115.7888492063492,81.98714285714286,0.257759,13.39260243567321,1.4122805743835172,126,0,2024-03-25,92.2
2427172,Agility,92.94766666666666,86.0171111111111,0.253804,22.933222759582556,1.0805718242106868,180,1,2024-03-25,87.2
2427299,TrueBeam,21.781750000000002,43.671888888888894,0.146406,11.872120188692072,0.4987590542606864,180,1,2024-03-25,93.7
2427364,Agility,118.01825396825399,67.04317460317459,0.28243,17.418152682381702,1.7603321242885424,126,0,2024-03-25,93.6
2427186,Agility,48.976305555555555,65.57177777777778,0.14529,16.53140646055102,0.7469113575284759,180,1,2024-03-25,92.0
2427313,Agility,82.92380555555556,70.47866666666667,0.334049,17.580248368973454,1.176580226010077,180,1,2024-03-25,93.0
2427190,Agility,118.8903611111111,63.76477777777778,0.367897,15.50289383928688,1.8645146310310636,180,1,2024-03-25,88.8
2427295,Agility,11.832352941176469,23.343137254901965,0.201246,6.236892301938495,0.506887862242755,51,0,2024-03-25,87.8
2427411,TrueBeam,172.33191666666667,124.96922222222221,0.524612,18.801969311750298,1.3789948725152772,180,1,2024-03-25,96.0
2429178,TrueBeam,11.719222222222223,19.50188888888889,0.277386,5.951875085993102,0.6009275454799251,180,1,2024-04-02,86.2
2429181,Agility,118.99005555555556,67.51033333333334,0.322361,16.399502735249293,1.7625458160314553,180,1,2024-04-02,91.0
2429051,TrueBeam,22.842249999999996,32.571666666666665,0.29157,8.382675805357863,0.701292022719132,180,1,2024-04-02,95.6
2429092,Agility,23.607284482758626,46.66620689655172,0.186113,8.281700805573623,0.5058753657671505,116,0,2024-04-02,93.4
2429180,TrueBeam,11.664666666666669,21.840555555555557,0.286416,5.08460901141418,0.5340828733497825,180,1,2024-04-02,95.7
2429088,Agility,74.71072222222223,93.3698888888889,0.160919,23.495549975091983,0.8001586283467547,180,1,2024-04-02,81.5
2428807,Agility,136.44558333333333,131.85022222222221,0.17186,28.355006949569123,1.0348528886312078,180,1,2024-04-02,81.9
2429095,Agility,13.777833333333335,20.988222222222223,0.18854,5.1220946524111906,0.6564554723813356,180,1,2024-04-02,95.1
2428954,Agility,183.8627049180327,127.02950819672131,0.350831,33.29544012395492,1.4474015331406147,61,0,2024-04-02,77.4
2429056,Agility,26.114111111111114,34.83588888888889,0.297245,8.984488488273449,0.7496324033643466,180,1,2024-04-02,88.5
2429057,Agility,25.302166666666665,35.153666666666666,0.138051,9.89265588619006,0.719758963028987,180,1,2024-04-02,75.0
2428955,Agility,236.57857142857142,120.28666666666666,0.645065,31.90594926144823,1.9667896532885725,21,0,2024-04-02,80.4
2428806,Agility,160.39705555555554,122.999,0.229019,31.334056800302168,1.3040517041240625,180,1,2024-04-02,85.3
2429128,Agility,167.1571111111111,83.64933333333335,0.470593,18.90067642500538,1.9983077503440285,180,1,2024-04-02,92.2
2429038,Agility,11.066111111111109,19.283444444444445,0.19121,5.210093127746047,0.5738658953275981,180,1,2024-04-02,93.0
2429091,Agility,18.11306034482758,34.87172413793104,0.101323,9.454260429203027,0.5194196958310258,116,0,2024-04-02,87.1
2428792,Agility,107.98772222222223,94.70333333333332,0.266259,22.953928283190756,1.1402737202726647,180,1,2024-04-02,85.9
2429087,Agility,68.16036111111111,91.69255555555556,0.153739,23.5469718633131,0.7433576335410726,180,1,2024-04-02,84.6
2429086,TrueBeam,14.513777777777781,21.854333333333336,0.160199,6.793036982576293,0.6641144141258536,180,1,2024-04-02,88.6
2429182,Agility,111.79408333333332,71.63488888888888,0.292119,16.25559277118906,1.5606094330199127,180,1,2024-04-02,91.6
2428793,Agility,90.17766666666667,89.93433333333334,0.23292,23.03572167642638,1.0027056778464285,180,1,2024-04-02,83.0
2429065,Agility,53.32472222222223,45.07611111111112,0.32396,12.467975690309698,1.1829929625201818,180,1,2024-04-02,93.0
2424930,TrueBeam,31.463429752066116,27.795867768595038,0.475065,8.989414849215668,1.131946302738382,121,0,2024-03-15,99.3
2424834,Agility,110.17747222222222,88.56388888888888,0.365807,22.269086514866252,1.244045102405671,180,1,2024-03-15,91.7
2424818,Agility,44.141999999999996,67.97555555555556,0.13883,19.557401784338005,0.6493804962568243,180,1,2024-03-15,85.4
2424730,Agility,90.71061111111112,87.06511111111112,0.235542,21.4480993538346,1.0418709624725302,180,1,2024-03-15,87.3
2424835,Agility,112.12316666666666,92.34788888888889,0.250859,22.266448533101176,1.2141389263545699,180,1,2024-03-15,91.4
2424679,Agility,28.832155172413792,35.304310344827584,0.161691,9.69910982085324,0.8166752130491051,116,0,2024-03-15,90.9
2424680,Agility,33.932758620689654,48.422586206896554,0.240778,9.751888989528533,0.7007630380522055,116,0,2024-03-15,86.0
2424815,TrueBeam,90.3918611111111,73.80211111111112,0.262584,18.35567680308384,1.2247869302142815,180,1,2024-03-15,94.1
2424747,Agility,111.76941666666666,98.49133333333333,0.204534,25.193243811384228,1.134814738352613,180,1,2024-03-15,86.2
2424897,Agility,65.3293888888889,79.09355555555555,0.159621,21.10965012115981,0.8259761295343632,180,1,2024-03-15,81.6
2424832,Agility,33.23336111111111,44.356,0.233232,12.08286610116361,0.7492416158154727,180,1,2024-03-15,90.3
2424043,Agility,39.6405,34.10922222222222,0.301261,8.824799361547234,1.1621637028760552,180,1,2024-03-15,92.2
2424833,Agility,34.87336111111111,48.856444444444456,0.238162,10.914839146209097,0.7137924486249964,180,1,2024-03-15,87.1
2424631,Agility,51.12769444444445,47.98822222222222,0.203042,12.52956427923549,1.0654217238489077,180,1,2024-03-15,89.8
2424017,Agility,130.57419444444443,119.06211111111111,0.206601,24.790863341419836,1.096689729636912,180,1,2024-03-15,85.6
2424016,Agility,131.17669444444445,111.81955555555554,0.239672,23.96279177103392,1.1731104974681434,180,1,2024-03-15,85.2
2424729,Agility,104.1720277777778,92.70700000000001,0.286248,21.370453640303843,1.1236694939732468,180,1,2024-03-15,85.7
2424816,TrueBeam,110.01841666666668,77.81244444444445,0.274436,18.5094087408915,1.4138923079998629,180,1,2024-03-15,97.2
2424791,Agility,64.1886388888889,67.859,0.244443,17.346282527184005,0.9459119481408348,180,1,2024-03-15,90.7
2424898,Agility,64.40822222222222,78.8921111111111,0.150429,21.11923725286205,0.8164089072418169,180,1,2024-03-15,76.9
2424748,Agility,140.69238888888887,116.56100000000002,0.256083,25.1871383119131,1.2070279843934837,180,1,2024-03-15,91.7
2424790,Agility,63.36061111111111,68.78744444444445,0.230845,17.37734081259631,0.9211072111028014,180,1,2024-03-15,88.0
2424817,Agility,47.581722222222226,68.65800000000002,0.146254,19.597926925472656,0.6930251714617701,180,1,2024-03-15,76.0
2424786,TrueBeam,5.789,17.31411111111111,0.093478,5.646966525912639,0.33435155653384846,180,1,2024-03-15,93.7
2422850,Agility,2.3655999999999997,8.600533333333331,0.147962,2.0,0.275052709909463,75,0,2024-03-12,0.0
2423646,TrueBeam,17.16425,33.33577777777778,0.263612,6.374987762650477,0.5148897414189626,180,1,2024-03-12,98.1
2423979,TrueBeam,19.869222222222223,25.43177777777778,0.281442,7.341235445053124,0.7812753947379919,180,1,2024-03-12,85.0
2423810,Agility,77.73833333333333,47.65142857142857,0.557334,14.26222956203096,1.631395650957349,21,0,2024-03-12,96.2
2423871,Agility,6.322472222222221,16.283555555555555,0.109641,4.101816826650593,0.38827344560292587,180,1,2024-03-12,88.1
2423723,Agility,88.14280303030304,88.73333333333335,0.285808,18.996249762581506,0.9933448876442865,66,0,2024-03-12,97.0
2423734,Agility,3.8577173913043485,12.523478260869563,0.175121,3.0,0.3080388140536038,46,0,2024-03-12,0.0
2422867,Agility,5.0776666666666666,14.759466666666665,0.141107,4.4110889132455355,0.34402778781527793,75,0,2024-03-12,0.0
2423722,Agility,122.56166666666667,83.5095238095238,0.578167,19.78139204319948,1.4676369960654618,21,0,2024-03-12,94.6
2423870,Agility,9.12,17.691777777777776,0.240928,5.00303789166403,0.5154937007775112,180,1,2024-03-12,93.2
2423850,Agility,26.384277777777783,33.56677777777778,0.204039,9.43614309604585,0.7860235484159273,180,1,2024-03-12,90.6
2423846,TrueBeam,109.63669444444446,127.77822222222223,0.259239,23.154977602429746,0.8580233199188874,180,1,2024-03-12,93.7
2423820,Agility,37.52513888888889,41.05844444444445,0.347754,10.152043149782651,0.9139444856383583,180,1,2024-03-12,89.7
2423733,Agility,4.325133333333334,13.622133333333334,0.1975,3.5,0.31750778145371267,75,0,2024-03-12,0.0
2423882,Agility,53.95536111111111,77.93055555555556,0.144296,20.492149404549643,0.6923518089467118,180,1,2024-03-12,85.9
2423912,Agility,68.5558888888889,73.82533333333335,0.24457,17.438309566221868,0.9286228154141607,180,1,2024-03-12,88.8
2423883,Agility,63.10375,81.11555555555555,0.143593,20.58584410724638,0.7779488110240536,180,1,2024-03-12,86.2
2423860,Agility,137.74404761904762,75.90571428571428,0.56119,19.488110689610608,1.814672965207463,21,0,2024-03-12,98.4
2423837,Agility,117.64372222222224,64.156,0.333106,15.429429229255353,1.8337134831071487,180,1,2024-03-12,97.0
2423821,Agility,39.20372222222223,47.17522222222222,0.353332,10.275224482005413,0.8310235834724917,180,1,2024-03-12,89.8
2423460,Agility,108.40661111111112,133.7352222222222,0.146874,33.28928637250645,0.8106062809016491,180,1,2024-03-12,79.8
2423859,Agility,81.75516393442621,78.32622950819672,0.294646,20.92313683167982,1.0437776010381128,61,0,2024-03-12,94.8
2423875,Agility,10.403944444444443,18.45111111111111,0.366745,5.142800176019391,0.5638654703119353,180,1,2024-03-12,96.6
2423838,Agility,115.17497222222222,64.599,0.332344,15.745188464280428,1.7829219062558588,180,1,2024-03-12,95.4
2423911,Agility,56.6295,62.22477777777778,0.20193,15.501367773827395,0.9100795860170028,180,1,2024-03-12,88.6
2423458,Agility,101.16066666666667,134.39577777777777,0.126835,33.32153399732309,0.7527071783009057,180,1,2024-03-12,74.3
2423858,Agility,43.415476190476205,64.79238095238094,0.215449,20.502608093679363,0.670070702022578,21,0,2024-03-12,87.1
2423900,TrueBeam,170.76013888888886,119.26888888888888,0.313297,22.144848153752633,1.4317240688640047,180,1,2024-03-12,96.7
2423845,TrueBeam,134.85116666666664,74.70844444444445,0.30711,17.845870629537337,1.805032452080383,180,1,2024-03-12,90.6
2422868,Agility,4.513695652173913,14.150434782608697,0.158287,3.5,0.31897929084987403,46,0,2024-03-12,0.0
2423886,Agility,70.985,57.199777777777776,0.287526,14.107892609978654,1.2410013247914717,180,1,2024-03-12,96.9
2422852,Agility,2.5479347826086958,8.759565217391303,0.146274,2.0,0.29087457189656035,46,0,2024-03-12,0.0
2423808,Agility,79.49119047619047,47.81619047619048,0.595116,14.197734312397692,1.6624325293285795,21,0,2024-03-12,92.4
2423721,Agility,91.92689393939395,90.77242424242424,0.273606,21.517977055175592,1.0127182864906912,66,0,2024-03-12,93.5
2423864,Agility,13.223194444444445,22.03888888888889,0.249236,5.476676744201644,0.5999936980085707,180,1,2024-03-12,94.7
2423720,Agility,122.98142857142858,85.2447619047619,0.475052,20.006253859488442,1.4426860469013598,21,0,2024-03-12,92.2
2423809,Agility,63.67704918032787,52.375409836065565,0.320028,14.645281330649926,1.2157814016088142,61,0,2024-03-12,94.9
2423645,TrueBeam,16.956611111111112,28.122777777777774,0.144615,8.115602303050172,0.6029493688390195,180,1,2024-03-12,95.4
2423887,Agility,68.51830555555557,76.29922222222221,0.263808,13.171266414591837,0.8980210224947687,180,1,2024-03-12,92.7
2429973,TrueBeam,6.770055555555555,18.058666666666664,0.099914,5.99119585589899,0.37489232624532387,180,1,2024-04-05,84.2
2430007,Agility,24.575722222222222,44.159666666666666,0.152792,15.718277858572996,0.5565196496551654,180,1,2024-04-05,90.0
2429928,Agility,16.60022222222222,25.397333333333336,0.169776,5.447668209704791,0.6536206775864482,180,1,2024-04-05,97.1
2429801,Agility,98.1361388888889,84.42244444444444,0.261418,19.29366332246829,1.1624413334000174,180,1,2024-04-05,88.4
2429987,Agility,155.00483333333335,92.46811111111113,0.387199,17.246334393139893,1.676305825551872,180,1,2024-04-05,96.3
2430010,Agility,36.31008333333334,41.57611111111111,0.192866,10.739562382165374,0.8733400590616942,180,1,2024-04-05,89.6
2429860,Agility,64.83990566037735,75.82584905660377,0.173674,17.778543957886278,0.8551161176180772,106,0,2024-04-05,89.4
2429979,TrueBeam,23.096833333333336,29.412333333333336,0.371928,7.7259550045112535,0.785277151308408,180,1,2024-04-05,99.8
2429806,Agility,45.637527777777784,66.72788888888888,0.160555,17.918864703710007,0.6839348365084732,180,1,2024-04-05,87.5
2429762,TrueBeam,25.461472222222223,26.39211111111111,0.207947,7.161181233020415,0.9647379898875507,180,1,2024-04-05,97.1
2429919,Agility,11.19497222222222,27.11644444444444,0.073027,6.299987976170927,0.4128480872615223,180,1,2024-04-05,83.8
2429974,TrueBeam,8.097722222222224,19.07611111111111,0.111713,6.068841569429747,0.42449544223432456,180,1,2024-04-05,86.8
2429701,Agility,37.505675675675676,38.178918918918924,0.223921,11.630112455593647,0.9823660998711612,111,0,2024-04-05,74.2
2429977,TrueBeam,23.73536111111111,31.25222222222222,0.339052,9.367499587008435,0.7594775482632347,180,1,2024-04-05,99.8
2429865,TrueBeam,70.72141666666668,77.67611111111111,0.226772,14.185857674167936,0.9104654655728561,180,1,2024-04-05,98.3
2430079,TrueBeam,25.701583333333332,33.33922222222222,0.203471,9.624550210914022,0.7709113056693317,180,1,2024-04-05,96.8
2429864,TrueBeam,67.96611111111112,63.705222222222226,0.267709,16.367049866358933,1.0668844521729424,180,1,2024-04-05,97.4
2430075,Agility,20.869009433962265,27.463773584905663,0.143274,6.061709259015702,0.7598740708171313,106,0,2024-04-05,86.7
2430034,Agility,20.18394444444444,41.16955555555556,0.176579,6.919745390506036,0.4902638411339553,180,1,2024-04-05,94.5
2429805,Agility,40.59894444444444,65.48577777777777,0.150719,18.345494343702796,0.6199658280339073,180,1,2024-04-05,79.5
2429859,Agility,64.11825471698113,71.6056603773585,0.209802,17.297006199962457,0.8954355616452792,106,0,2024-04-05,88.3
2430052,Agility,58.60094444444446,64.20922222222222,0.318208,18.745464859991465,0.9126561951121596,180,1,2024-04-05,93.6
2430068,Agility,22.15977777777778,27.845444444444446,0.241447,6.9476496632886535,0.7958133985611052,180,1,2024-04-05,93.2
2429988,Agility,195.31566666666671,85.96322222222223,0.358243,15.413133502919669,2.2720840566185285,180,1,2024-04-05,91.3
2429802,Agility,110.74394444444442,96.91955555555553,0.317501,18.767938804796593,1.142637766028184,180,1,2024-04-05,92.7
2430033,Agility,15.271583333333332,30.300666666666665,0.111479,7.883726738571239,0.5040015621218455,180,1,2024-04-05,81.6
2429966,TrueBeam,7.830416666666667,18.562444444444445,0.091088,6.162016425666654,0.4218418910344663,180,1,2024-04-05,83.9
2429927,Agility,44.71083333333334,44.50088888888889,0.256788,11.042836042224526,1.0047177584467728,180,1,2024-04-05,85.1
2429788,TrueBeam,42.886250000000004,33.897777777777776,0.413998,8.889488728678502,1.2651640553297498,180,1,2024-04-05,99.3
2430053,Agility,61.50572222222222,66.32411111111111,0.30067,18.936990953367328,0.9273508712266529,180,1,2024-04-05,95.2
2406965,Agility,63.17527777777779,44.902222222222214,0.456522,13.38979601864089,1.4069521429278438,18,0,2024-01-03,73.5
2407381,TrueBeam,258.12119047619046,133.13809523809527,0.720094,28.0617875173176,1.9387478092921773,21,0,2024-01-03,97.0
2407379,TrueBeam,194.29461538461538,131.64538461538461,0.644592,26.4354851670838,1.4758938640520278,26,0,2024-01-03,99.4
2407380,TrueBeam,234.57340909090905,135.04954545454547,0.670506,27.65576211353315,1.7369433440252562,44,0,2024-01-03,96.2
2407338,Agility,159.1739722222222,104.66244444444443,0.255938,27.265886449514902,1.5208317851463222,180,1,2024-01-03,92.4
2407318,Agility,210.0415,85.46044444444443,0.52554,22.302202202672916,2.457762785642221,180,1,2024-01-03,88.8
2407256,Agility,38.07416666666667,44.907666666666664,0.216514,13.620251229072583,0.8478322187005932,180,1,2024-01-03,91.8
2407368,Agility,78.48058333333334,48.934555555555555,0.488744,13.181818341652143,1.6037865766295576,180,1,2024-01-03,93.4
2407391,Agility,73.99697222222223,104.18988888888889,0.111793,23.74605059360423,0.710212603270311,180,1,2024-01-03,70.8
2407309,Agility,16.410833333333333,23.27277777777778,0.265489,6.289899333880224,0.7051514645150508,180,1,2024-01-03,92.9
2407276,Agility,5.0511388888888895,12.703444444444443,0.20963,3.4283565213273723,0.3976196307213268,180,1,2024-01-03,94.9
2407149,Agility,44.911666666666676,52.54988888888889,0.201761,13.007878793376786,0.8546481755961004,180,1,2024-01-03,90.1
2407274,Agility,14.746111111111109,44.67788888888888,0.156876,6.340154777207261,0.3300538919326239,180,1,2024-01-03,92.6
2407189,Agility,73.5981388888889,102.58044444444444,0.131635,21.73696831236189,0.717467537672331,180,1,2024-01-03,90.1
2407259,Agility,9.414166666666667,18.972777777777775,0.196935,5.303267983982954,0.49619337647506667,180,1,2024-01-03,94.2
2407275,Agility,3.6232500000000005,11.933777777777777,0.17163,3.6685665318421723,0.30361299392946267,180,1,2024-01-03,96.6
2407306,Agility,24.69525,36.22377777777778,0.115136,8.790124184486729,0.6817414282822211,180,1,2024-01-03,83.3
2407150,Agility,48.25847222222222,68.16988888888888,0.245144,12.429116383772662,0.7079147847941989,180,1,2024-01-03,95.7
2407337,Agility,132.4711388888889,108.70866666666666,0.210555,26.583632871641427,1.2185885721060778,180,1,2024-01-03,86.9
2407317,Agility,222.68144444444442,82.29955555555556,0.544178,21.537126530366635,2.705742976875803,180,1,2024-01-03,87.2
2407194,Agility,115.45633333333333,137.5111111111111,0.206628,32.67396227022198,0.8396145765998708,180,1,2024-01-03,79.3
2407213,TrueBeam,8.4628125,14.149999999999999,0.350197,3.255280667083071,0.5980786219081273,16,0,2024-01-03,0.0
2407356,TrueBeam,113.44516666666665,59.798666666666655,0.466907,16.571352006214138,1.8971186648531742,180,1,2024-01-03,98.4
2407212,TrueBeam,6.2891964285714295,13.547142857142857,0.185397,3.1350057420913022,0.46424522830327963,56,0,2024-01-03,0.0
2407273,Agility,13.730833333333331,31.548444444444442,0.08694,8.360043617759686,0.4352301222810774,180,1,2024-01-03,82.3
2406966,Agility,61.818437499999995,47.228750000000005,0.426962,13.646033902319004,1.3089153852261597,16,0,2024-01-03,78.2
2419327,Agility,93.07675000000002,68.62155555555556,0.431231,17.020284437495636,1.3563777335919716,180,1,2024-02-23,95.2
2419409,Agility,98.05630434782609,60.75652173913043,0.649232,15.430992630763068,1.613922284242164,23,0,2024-02-23,99.5
2418977,Agility,75.43216666666667,73.78277777777778,0.274758,16.449471439988084,1.0223546596992674,180,1,2024-02-23,83.8
2419330,Agility,187.9036111111111,131.76777777777775,0.418861,32.5388708689631,1.4260209459402486,18,0,2024-02-23,95.2
2418976,Agility,78.05722222222222,67.53855555555555,0.262022,16.99375783778791,1.1557431393097277,180,1,2024-02-23,77.4
2419408,Agility,73.88538461538462,69.98857142857143,0.303661,16.04936490480071,1.0556778500728534,91,0,2024-02-23,96.0
2419351,TrueBeam,53.39655555555556,106.25766666666665,0.192799,18.618946626195076,0.5025195567587804,180,1,2024-02-23,94.9
2419214,Agility,92.34508333333335,71.51955555555556,0.256559,16.716290671471548,1.291186482018904,180,1,2024-02-23,95.0
2419399,TrueBeam,83.77415841584157,56.31089108910891,0.570135,8.257135397128053,1.4877079157435733,101,0,2024-02-23,92.9
2419419,Agility,96.1595,79.97655555555556,0.280461,20.77878672821625,1.202346104205538,180,1,2024-02-23,92.8
2419439,Agility,64.04111111111112,63.04911111111111,0.411336,17.330567560764038,1.0157337666228445,180,1,2024-02-23,97.9
2419213,Agility,85.43366666666667,70.17566666666667,0.234022,16.178975758855486,1.2174257933661714,180,1,2024-02-23,92.9
2419403,Agility,72.20538888888889,81.82900000000001,0.169328,21.35063802910009,0.88239363659447,180,1,2024-02-23,83.7
2419551,Agility,15.440166666666665,26.69211111111111,0.174387,8.173073281029396,0.578454308180944,180,1,2024-02-23,90.1
2419402,Agility,79.32963888888888,87.36099999999999,0.194558,21.097014817704405,0.9080669736940842,180,1,2024-02-23,89.9
2419418,Agility,85.55841666666666,78.11455555555555,0.238055,20.873521073707003,1.0952941619928565,180,1,2024-02-23,86.4
2419398,TrueBeam,57.690111111111115,53.305111111111124,0.292404,11.72990806028272,1.0822622804567414,180,1,2024-02-23,97.0
2419374,Agility,68.35545045045046,48.64378378378378,0.390727,10.780339405317966,1.4052247817374333,111,0,2024-02-23,93.3
2419437,Agility,63.00633333333334,71.14144444444445,0.370648,15.500444566227678,0.8856487779431587,180,1,2024-02-23,94.0
2419529,Agility,33.35775,34.98177777777778,0.399785,8.800589871075891,0.9535750358917023,180,1,2024-02-23,93.3
2419400,TrueBeam,8.841511627906979,22.89837209302326,0.065354,7.184713283562283,0.38611965916130936,86,0,2024-02-23,97.8
2419436,Agility,43.188063063063055,35.90738738738738,0.412998,9.080359805295874,1.2027626125267203,111,0,2024-02-23,95.2
2419119,TrueBeam,54.742638888888884,37.266999999999996,0.395701,9.380613618304562,1.4689306595349476,180,1,2024-02-23,85.9
2419407,Agility,56.812802197802206,65.6167032967033,0.225593,15.444702730530736,0.8658283538096705,91,0,2024-02-23,94.2
2419329,Agility,159.0792857142857,124.44392857142859,0.343622,32.68485901730844,1.2783209879377686,56,0,2024-02-23,92.9
2419352,TrueBeam,55.819916666666664,124.3428888888889,0.163394,17.488130164988373,0.44891925196097526,180,1,2024-02-23,95.6
2419020,Agility,107.35108333333334,76.22133333333333,0.331418,18.81690549142299,1.4084125616625267,180,1,2024-02-23,95.2
2419021,Agility,107.58894444444444,86.55922222222222,0.30667,18.309991810449677,1.2429518390106709,180,1,2024-02-23,95.2
2419328,Agility,169.93,125.74086956521742,0.489768,32.350614464628165,1.3514301323633142,23,0,2024-02-23,89.8
2419406,Agility,114.44282608695652,59.1913043478261,0.686698,15.585258295426424,1.9334398413397968,23,0,2024-02-23,96.8
2407677,Agility,53.81904761904762,81.85809523809523,0.336597,22.103668204925867,0.6574676269037011,21,0,2024-01-04,75.7
2407600,Agility,199.5876388888889,125.08155555555555,0.277374,28.342075764000874,1.5956600315882794,180,1,2024-01-04,93.1
2407657,TrueBeam,20.790583333333334,46.420777777777786,0.164718,13.904497258870538,0.4478723607962909,180,1,2024-01-04,92.7
2407694,TrueBeam,13.008027777777777,36.696333333333335,0.116811,10.813669827428772,0.3544775893443789,180,1,2024-01-04,93.5
2405129,Agility,104.59255555555555,95.19488888888888,0.287158,23.358216781607354,1.0987202861031289,180,1,2024-01-04,81.8
2407728,Agility,60.182380952380946,79.73333333333333,0.304257,21.151489436164695,0.7547957477305303,21,0,2024-01-04,91.5
2407545,Agility,112.98697222222222,96.19422222222222,0.190423,25.959889997497044,1.1745712955733076,180,1,2024-01-04,79.1
2407695,TrueBeam,12.442777777777776,37.311777777777785,0.13441,8.833745191993184,0.3334812361899429,180,1,2024-01-04,95.5
2407553,TrueBeam,8.017972222222223,19.402888888888885,0.074779,6.177545568372806,0.4132360015118025,180,1,2024-01-04,79.1
2407656,TrueBeam,22.194499999999998,43.303000000000004,0.148233,12.49350981744005,0.5125395469136087,180,1,2024-01-04,97.7
2407601,Agility,205.43377777777778,144.21311111111112,0.278887,28.129250226103704,1.4245152621352042,180,1,2024-01-04,95.5
2407524,Agility,55.298972222222226,68.32122222222222,0.190129,18.30935565298214,0.8093967060828668,180,1,2024-01-04,90.0
2407539,Agility,29.698805555555555,51.455,0.198657,14.597591393279082,0.5771801682160248,180,1,2024-01-04,85.4
2407542,Agility,15.018916666666666,32.537000000000006,0.233454,5.695000519114448,0.4615950046613598,180,1,2024-01-04,92.7
2407450,TrueBeam,22.77724137931035,23.36689655172414,0.561006,5.487786413779366,0.9747653621391892,29,0,2024-01-04,99.3
2407535,Agility,47.28379120879121,38.477142857142866,0.264303,9.771509403770814,1.228879997258255,91,0,2024-01-04,91.9
2407523,Agility,61.79936111111111,69.05644444444444,0.277071,17.68634295108992,0.8949108458780901,180,1,2024-01-04,90.5
2407518,TrueBeam,32.15994791666667,29.042708333333334,0.324929,7.042649422883601,1.1073329507549945,96,0,2024-01-04,97.4
2407540,Agility,36.841166666666666,44.40566666666667,0.253195,13.619554150675864,0.8296501197294639,180,1,2024-01-04,84.7
2407576,Agility,92.32769444444445,87.55633333333333,0.243301,21.303160688577186,1.0544947570262702,180,1,2024-01-04,90.1
2407608,Agility,52.037657657657654,40.11855855855855,0.386971,9.5244205938382,1.2970968929928413,111,0,2024-01-04,93.0
2407561,TrueBeam,9.411916666666666,23.265888888888888,0.070935,7.741343388848696,0.40453716217829633,180,1,2024-01-04,60.8
2407577,Agility,74.12991666666667,87.9,0.185704,21.11060589400414,0.8433437618505878,180,1,2024-01-04,83.6
2407449,TrueBeam,13.984222222222222,23.750444444444447,0.22329,6.724715329652458,0.5887983382767106,180,1,2024-01-04,99.5
2407691,Agility,10.536222222222221,17.94622222222222,0.174466,4.848775165799697,0.5870997300577032,180,1,2024-01-04,95.5
2407541,Agility,19.218694444444445,31.741666666666667,0.133347,7.765698679021257,0.6054721274175199,180,1,2024-01-04,86.0
2407570,TrueBeam,70.11394444444446,126.80766666666668,0.180511,23.03950413230035,0.5529156579211387,180,1,2024-01-04,91.0
2407546,Agility,116.548,95.32011111111113,0.213143,26.066220003649192,1.2227010506119145,180,1,2024-01-04,82.1
2407593,Agility,90.95758333333335,92.00244444444444,0.24292,22.539817811026722,0.9886431157626249,180,1,2024-01-04,88.9
2407592,Agility,73.64747222222223,85.48633333333333,0.197169,22.64334542906773,0.8615116516350243,180,1,2024-01-04,82.6
2407678,Agility,99.7334426229508,93.24459016393443,0.350112,23.873805898616816,1.0695895863514253,61,0,2024-01-04,90.3
2407571,TrueBeam,107.95750000000001,140.29444444444445,0.246924,20.256368295655346,0.7695065932760464,180,1,2024-01-04,96.6
2405130,Agility,112.51119444444446,95.51144444444444,0.313044,23.45139163784426,1.177986524011666,180,1,2024-01-04,83.1
2417159,Agility,43.27713888888889,46.610555555555564,0.165385,11.564697222901902,0.9284836529636824,180,1,2024-02-15,89.0
2417303,Agility,75.2445070422535,93.57408450704224,0.179227,20.743157943662897,0.8041169458258576,71,0,2024-02-15,92.4
2417155,Agility,113.85341666666666,95.14466666666667,0.20979,25.3298871172319,1.1966347737130125,180,1,2024-02-15,95.7
2417401,Agility,118.41069444444446,75.40177777777778,0.408399,19.067959965172435,1.5703965865821026,180,1,2024-02-15,94.0
2417397,Agility,26.288512396694216,44.54512396694215,0.118752,11.662166624314239,0.5901546579195392,121,0,2024-02-15,93.6
2417504,Agility,10.808416666666668,19.970555555555556,0.20675,5.241151413158349,0.5412176259493143,180,1,2024-02-15,90.3
2417477,Agility,158.2898888888889,92.35255555555555,0.50089,25.850073761634995,1.7139741064736222,180,1,2024-02-15,90.3
2417305,Agility,87.38795774647889,96.2281690140845,0.208749,21.595979165691745,0.9081328122713037,71,0,2024-02-15,93.0
2417503,Agility,10.706166666666665,19.933,0.193999,5.05738989113556,0.537107643940534,180,1,2024-02-15,93.6
2417387,Agility,171.5324722222222,98.34022222222221,0.401689,22.666639143126957,1.7442758247444812,180,1,2024-02-15,95.1
2417450,Agility,3.1473999999999993,9.6792,0.167526,2.5,0.3251715017770063,75,0,2024-02-15,0.0
2417332,Agility,42.428207547169805,77.61584905660378,0.150551,19.996233228315468,0.5466436051769235,106,0,2024-02-15,88.6
2417471,Agility,25.37713888888889,33.467,0.278655,8.858984218716824,0.7582734899718795,180,1,2024-02-15,90.7
2417451,Agility,2.779021739130435,9.75695652173913,0.194517,2.5,0.284824651307874,46,0,2024-02-15,0.0
2417304,Agility,65.61021739130435,79.56260869565219,0.350481,20.01801760551637,0.824636326874105,23,0,2024-02-15,90.4
2417216,Agility,15.771611111111108,28.998555555555555,0.071694,6.85827253190859,0.5438757486005049,180,1,2024-02-15,67.8
2416994,TrueBeam,34.3691111111111,35.01777777777778,0.278391,9.296887036573962,0.981476075644117,180,1,2024-02-15,98.7
2417413,Agility,21.723277777777774,29.919111111111114,0.233068,8.013136261122499,0.7260669508898064,180,1,2024-02-15,97.4
2417346,Agility,74.05252777777777,83.56022222222222,0.216341,21.95850366074323,0.8862174585993866,180,1,2024-02-15,85.8
2417331,Agility,49.60551886792452,75.88396226415095,0.163436,20.47994760056497,0.6537022763156257,106,0,2024-02-15,90.3
2417473,Agility,93.94694444444445,86.56466666666667,0.272502,21.734359792701213,1.0852804967898118,180,1,2024-02-15,90.4
2417388,Agility,166.4550833333333,106.36111111111111,0.334318,22.183477064726215,1.5649994776704097,180,1,2024-02-15,97.5
2417306,Agility,63.109782608695646,80.44521739130435,0.263639,18.247008354397945,0.7845063343133862,23,0,2024-02-15,85.4
2417347,Agility,66.26258333333334,83.92544444444444,0.207501,22.534641430124672,0.7895410476759135,180,1,2024-02-15,88.2
2417458,Agility,21.558833333333336,38.343444444444444,0.134601,9.149228634059948,0.562256042609051,180,1,2024-02-15,91.8
2417321,Agility,66.5393396226415,108.94264150943397,0.143386,30.916026380515696,0.610774061476006,106,0,2024-02-15,82.8
2417462,Agility,39.458861111111105,36.95477777777778,0.341139,10.216747911058283,1.0677607466182388,180,1,2024-02-15,95.6
2417474,Agility,91.74863888888889,87.76011111111112,0.267394,21.41962925887332,1.0454480711940757,180,1,2024-02-15,93.0
2417442,Agility,30.067611111111113,34.79633333333334,0.267963,9.350109108342881,0.8641028588580534,180,1,2024-02-15,92.4
2417301,TrueBeam,21.489749999999997,29.33988888888889,0.365175,7.808669215491507,0.7324414240756799,180,1,2024-02-15,98.2
2417156,Agility,90.73741666666668,90.22511111111112,0.160617,25.166831118817306,1.0056780817362991,180,1,2024-02-15,86.1
2417402,Agility,112.1138611111111,79.962,0.343431,18.00275378317533,1.4020892562856244,180,1,2024-02-15,94.6
2417463,Agility,37.80897222222222,37.276222222222216,0.29672,10.271099910529813,1.0142919525703011,180,1,2024-02-15,92.9
2417398,Agility,25.012314049586777,44.86396694214875,0.125427,11.206228865118188,0.557514543505252,121,0,2024-02-15,90.3
2417320,Agility,122.02858490566037,119.48566037735849,0.221413,29.965152668652735,1.0212822569693372,106,0,2024-02-15,91.9
2417459,Agility,23.087722222222226,48.687888888888885,0.185621,8.10399499170791,0.47419846596575477,180,1,2024-02-15,94.7
2416549,Agility,22.40141666666667,34.467222222222226,0.173676,8.696949328249818,0.6499339146693316,180,1,2024-02-12,91.0
2416565,Agility,28.326472222222225,33.49688888888889,0.324205,8.952151481704135,0.8456448691752468,180,1,2024-02-12,82.3
2416416,Agility,79.25084158415842,76.7380198019802,0.201218,19.055818205582224,1.0327454603163135,101,0,2024-02-12,88.0
2416178,Agility,30.349653465346535,37.95267326732674,0.066714,7.290500337229801,0.7996710337523021,101,0,2024-02-12,78.2
2416590,Agility,30.955388888888894,36.53966666666667,0.263383,10.004516294074214,0.8471721751399546,180,1,2024-02-12,84.3
2416181,Agility,8.629805555555556,20.128444444444444,0.066826,4.520074978519497,0.4287368345514364,180,1,2024-02-12,79.9
2416494,Agility,38.83261111111111,40.276777777777774,0.336566,10.743710061870246,0.964143937366721,180,1,2024-02-12,91.3
2416180,Agility,19.338500000000003,35.25677777777777,0.129609,10.194482898196235,0.5485044640746777,180,1,2024-02-12,87.4
2416495,Agility,42.268166666666666,47.15477777777778,0.39034,10.453052986728501,0.8963708166722825,180,1,2024-02-12,97.7
2416179,Agility,23.323722222222223,36.917555555555566,0.085354,8.005371689769422,0.6317786178210907,180,1,2024-02-12,94.1
2416600,Agility,70.11439560439561,44.831428571428575,0.425829,11.764770357381783,1.5639563100846638,91,0,2024-02-12,91.5
2416518,Agility,80.21945544554454,71.53623762376236,0.227036,16.11124548215155,1.121382087040287,101,0,2024-02-12,91.3
2416559,Agility,104.87173267326733,54.09465346534654,0.406606,12.414518698808582,1.9386709398267796,101,0,2024-02-12,96.7
2416349,Agility,8.637666666666668,19.06688888888889,0.13901,5.254642522686375,0.4530191955804711,180,1,2024-02-12,91.2
2416519,Agility,87.03148514851483,79.43227722772276,0.243182,18.95753280361134,1.0956690175079087,101,0,2024-02-12,91.4
2416578,Agility,72.24077777777778,43.93288888888889,0.325113,10.019903270601642,1.644343898269077,180,1,2024-02-12,91.8
2416350,Agility,14.6975,23.37875,0.476859,6.605999151717834,0.6286691974549538,16,0,2024-02-12,92.4
2416232,Agility,86.86079207920788,84.72435643564359,0.157676,21.366764120751412,1.025216310084186,101,0,2024-02-12,88.8
2416592,Agility,33.419361111111115,37.85777777777778,0.278081,9.99157534181909,0.8827607713078188,180,1,2024-02-12,85.7
2416415,Agility,78.06732673267325,76.37465346534651,0.202289,19.71863990842117,1.0221627619966192,101,0,2024-02-12,85.6
2416550,Agility,21.163694444444445,33.23033333333333,0.156043,9.324850906651765,0.6368787887906967,180,1,2024-02-12,86.8
2416233,Agility,90.71079207920793,82.9289108910891,0.158008,21.887955462382408,1.0938379764608124,101,0,2024-02-12,84.8
2416836,Agility,14.887972222222222,28.09922222222222,0.189053,8.062814229473958,0.529835740807377,180,1,2024-02-13,91.2
2416729,Agility,73.31458333333333,52.43600000000001,0.423089,13.483077135168246,1.3981726930607468,180,1,2024-02-13,93.7
2416816,TrueBeam,106.1561388888889,86.05255555555556,0.263095,20.990736513713905,1.2336198292258092,180,1,2024-02-13,98.8
2416894,Agility,65.94991666666667,75.18177777777777,0.144204,18.68496824094793,0.8772061344652075,180,1,2024-02-13,88.2
2416895,Agility,67.243,72.24633333333334,0.158297,18.23829278012318,0.9307461970388345,180,1,2024-02-13,88.5
2416817,TrueBeam,45.699305555555554,121.09366666666666,0.17951,19.552208578446326,0.3773880733279931,180,1,2024-02-13,89.5
2416728,Agility,72.87069444444445,52.47311111111111,0.412359,13.630603990876683,1.3887244895798485,180,1,2024-02-13,93.8
2416821,TrueBeam,28.990944444444445,31.830444444444446,0.385597,8.7771832322316,0.9107929515418501,180,1,2024-02-13,97.9
2416732,TrueBeam,90.67782178217821,77.79821782178219,0.247639,19.381780683458466,1.1655514010603718,101,0,2024-02-13,98.0
2416677,Agility,16.97627777777778,26.89144444444444,0.168819,6.714362567848358,0.6312891749957651,180,1,2024-02-13,86.6
2416724,Agility,146.58222222222219,111.15033333333332,0.36017,24.916838221181195,1.318774472611168,180,1,2024-02-13,92.9
2416661,TrueBeam,107.46188888888891,133.99277777777777,0.221198,19.276778279723402,0.801997620103903,180,1,2024-02-13,96.7
2416685,Agility,4.0994117647058825,12.756764705882354,0.103837,3.1289048400989663,0.3213519931754778,136,0,2024-02-13,83.3
2416810,Agility,34.53544444444445,34.42066666666667,0.420281,10.074087869382549,1.0033345599865715,180,1,2024-02-13,92.0
2416797,TrueBeam,14.562049689440993,35.63142857142857,0.117429,9.462355990060782,0.4086855417612339,161,0,2024-02-13,93.5
2416806,Agility,42.84525,67.67366666666666,0.112749,18.494530663801292,0.6331155397717478,180,1,2024-02-13,84.6
2416607,TrueBeam,25.18811881188119,25.56475247524752,0.307575,6.8979708899224885,0.9852674629362832,101,0,2024-02-13,98.4
2416754,TrueBeam,22.346453488372088,28.86744186046511,0.158929,8.115602303050174,0.7741057762023684,86,0,2024-02-13,93.6
2416723,Agility,154.7791388888889,103.78155555555554,0.347846,24.87025079306274,1.491393514582981,180,1,2024-02-13,93.7
2416689,Agility,14.217115384615385,19.165384615384614,0.482562,4.682462792304992,0.7418121613485853,26,0,2024-02-13,98.2
2416889,Agility,27.746363636363633,25.401818181818182,0.222094,6.639989891389421,1.0922983322596806,66,0,2024-02-13,96.7
2416893,TrueBeam,19.841916666666663,46.37800000000001,0.173835,7.006978811035131,0.4278303649718974,180,1,2024-02-13,98.5
2416807,Agility,55.129999999999995,72.30266666666667,0.159067,18.52329205890802,0.7624891659136592,180,1,2024-02-13,87.6
2392807,Agility,117.22688888888887,126.24955555555555,0.199841,31.23985324286808,0.9285330817446221,180,1,2024-02-13,77.8
2416811,Agility,34.74047222222222,29.37566666666666,0.55477,8.067067894908526,1.1826275337486434,180,1,2024-02-13,92.2
2416890,Agility,23.84,22.963809523809527,0.442186,5.8163635639380376,1.0381552753815526,21,0,2024-02-13,99.3
2416853,TrueBeam,10.670694444444445,18.607000000000003,0.156334,5.77534734726672,0.5734774248639998,180,1,2024-02-13,85.9
2416873,Agility,25.566694444444444,30.630333333333333,0.19374,7.8604330245120115,0.8346854788100394,180,1,2024-02-13,89.0
2392808,Agility,185.69988888888886,126.54866666666668,0.308761,30.13157694177262,1.4674187708198336,180,1,2024-02-13,90.9
2416798,TrueBeam,16.117360248447202,36.85540372670807,0.132154,9.590855641534313,0.4373133548600203,161,0,2024-02-13,93.9
2394764,Agility,131.99558558558556,121.99945945945946,0.161774,22.781860313595946,1.0819358230800016,111,0,2024-02-13,71.8
2416686,Agility,6.572500000000001,15.910526315789474,0.286193,3.278327716253623,0.41309130003307976,76,0,2024-02-13,98.0
2416690,Agility,10.133632075471699,18.38943396226415,0.155912,4.63714180607621,0.5510573134695889,106,0,2024-02-13,90.8
2416891,TrueBeam,17.36702777777778,35.19166666666667,0.140528,8.481161794662718,0.49349830294419444,180,1,2024-02-13,96.1
2416887,TrueBeam,13.209555555555557,25.42722222222222,0.080927,8.522976905058307,0.5195044680897551,180,1,2024-02-13,80.6
2416875,Agility,116.55994444444443,87.60255555555555,0.176928,22.203320177477295,1.3305541568422026,180,1,2024-02-13,87.8
2394763,Agility,344.1594144144144,141.92234234234235,0.466928,36.068692125701304,2.4249840351721343,111,0,2024-02-13,96.5
2416731,TrueBeam,84.32346534653466,76.43069306930693,0.246236,19.838476775456193,1.1032670509748042,101,0,2024-02-13,98.5
2416750,TrueBeam,64.90124999999999,73.92222222222223,0.223106,18.38985406700383,0.8779667067488349,180,1,2024-02-13,96.3
2416615,TrueBeam,6.494250000000001,20.432999999999996,0.099242,6.526297130599351,0.31783144912641326,180,1,2024-02-13,80.4
2416678,Agility,17.301972222222226,26.909555555555553,0.158657,6.866037103261666,0.6429675951541379,180,1,2024-02-13,85.5
2416815,TrueBeam,120.6684722222222,81.07433333333333,0.314466,21.106176382812862,1.4883683560628174,180,1,2024-02-13,98.3
2416454,TrueBeam,11.047499999999998,20.034333333333333,0.134195,6.492276102200702,0.5514283812788047,180,1,2024-02-13,93.4
2416751,TrueBeam,85.57272222222223,72.64633333333333,0.296019,18.025947914606455,1.1779358750231335,180,1,2024-02-13,97.1
2416659,TrueBeam,106.04772222222222,164.44633333333334,0.167058,37.80463155261364,0.6448773899218725,180,1,2024-02-13,88.9
2417088,TrueBeam,15.214361111111112,19.172333333333334,0.352983,5.262486539533663,0.793558136435025,180,1,2024-02-14,94.9
2416932,Agility,52.518027777777775,38.93988888888889,0.418359,10.316670853900424,1.3486948544622908,180,1,2024-02-14,97.1
2417247,Agility,11.798555555555554,18.55188888888889,0.329357,5.362796364356534,0.6359759712997178,180,1,2024-02-14,95.0
2417016,Agility,76.6380198019802,63.75742574257428,0.276419,12.849425855119396,1.2020250019411443,101,0,2024-02-14,92.4
2417112,Agility,20.0985,35.32911111111112,0.129507,10.005524852291284,0.5688934526767349,180,1,2024-02-14,82.4
2416996,Agility,74.14797222222224,83.80511111111112,0.167178,21.799928162207273,0.8847667074137616,180,1,2024-02-14,89.1
2417145,Agility,60.74791666666667,81.61977777777777,0.154274,22.363392318313892,0.7442793685626307,180,1,2024-02-14,84.1
2416918,TrueBeam,151.6761944444445,167.66922222222223,0.231638,32.76071340178987,0.9046156022804162,180,1,2024-02-14,89.8
2417221,Agility,67.86833333333333,79.10644444444445,0.187132,20.33439751017638,0.857936844589147,180,1,2024-02-14,89.9
2417236,Agility,52.58000000000002,60.563564356435634,0.22498,14.73330863082506,0.8681787566291537,101,0,2024-02-14,91.8
2417220,Agility,57.85913888888889,74.72577777777778,0.146829,21.5624264839769,0.7742862049686855,180,1,2024-02-14,91.4
2416919,TrueBeam,164.1411388888889,168.23244444444444,0.240518,32.70065423335963,0.97568063895721,180,1,2024-02-14,92.6
2417099,TrueBeam,62.96286111111112,113.48411111111115,0.198775,19.32939764090748,0.5548165332983471,180,1,2024-02-14,93.3
2417076,TrueBeam,16.787444444444443,30.75322222222222,0.246334,8.744087669164927,0.5458759515714704,180,1,2024-02-14,99.1
2417144,Agility,58.19194444444444,81.08555555555554,0.131363,22.345089612336878,0.7176610438905409,180,1,2024-02-14,84.3
2417105,TrueBeam,19.90847222222222,34.96922222222222,0.197812,9.657064912509332,0.5693141270259878,180,1,2024-02-14,82.0
2417017,Agility,117.7937128712871,82.92594059405941,0.346585,23.413249618877977,1.4204688186524534,101,0,2024-02-14,99.2
2417241,Agility,23.01388888888889,34.400666666666666,0.198529,9.189734215141788,0.668995432905047,180,1,2024-02-14,91.7
2416920,TrueBeam,68.24066666666667,140.88355555555557,0.18586,16.188163843990864,0.48437638017842943,180,1,2024-02-14,96.0
2417262,TrueBeam,8.255361111111112,28.394111111111116,0.140618,4.943582309274179,0.2907420161457579,180,1,2024-02-14,86.5
2417235,Agility,59.359257425742584,60.444950495049504,0.261135,14.622620837535534,0.9820383165108914,101,0,2024-02-14,93.7
2417170,Agility,78.93783333333334,73.90988888888889,0.326984,23.802776247520484,1.0680280341376662,180,1,2024-02-14,82.2
2417263,TrueBeam,10.185527777777777,25.079888888888895,0.116191,7.524996967075914,0.4061233214749311,180,1,2024-02-14,81.7
2416995,Agility,73.63669444444446,85.53811111111109,0.162974,21.74763471655868,0.8608641632124995,180,1,2024-02-14,89.5
2416930,Agility,43.47855555555556,48.218111111111114,0.297925,12.325317547305485,0.9017059058030293,180,1,2024-02-14,98.3
2417073,TrueBeam,16.32202777777778,27.572000000000006,0.197742,7.373438360992303,0.5919783758079855,180,1,2024-02-14,97.8
2417229,Agility,42.74762376237623,36.50237623762377,0.386567,8.54652860172346,1.171091533441468,101,0,2024-02-14,96.7
2417100,TrueBeam,40.413777777777774,62.72922222222221,0.159489,17.043662980980205,0.6442575939266301,180,1,2024-02-14,96.9
2417182,TrueBeam,88.06875,121.71622222222223,0.245493,19.785966580072234,0.7235580302452151,180,1,2024-02-14,92.6
2417183,TrueBeam,64.96516666666668,135.01911111111113,0.15991,16.240976577307137,0.48115534261816434,180,1,2024-02-14,93.9
2417228,Agility,72.87193396226414,60.33245283018868,0.231069,16.31518992018107,1.207839737054434,106,0,2024-02-14,86.7
2416931,Agility,50.742333333333335,52.140333333333324,0.417374,13.014737354390057,0.9731877433336958,180,1,2024-02-14,95.7
2417265,TrueBeam,18.11433333333333,25.33,0.250618,7.045650945579584,0.7151335702066061,180,1,2024-02-14,96.8
2407913,Agility,21.115222222222222,44.3,0.179902,8.795745112359729,0.4766415851517432,180,1,2024-01-05,89.3
2407912,Agility,16.13475,34.25611111111111,0.098181,10.496803267825673,0.47100355167772173,180,1,2024-01-05,79.3
2407986,Agility,73.73963888888889,80.43844444444446,0.169263,20.914421257405053,0.9167213438571384,180,1,2024-01-05,85.4
2407997,TrueBeam,50.67700000000001,50.76044444444445,0.236521,10.779467847890489,0.9983561128087487,180,1,2024-01-05,97.9
2407939,Agility,27.34127777777778,39.423333333333325,0.117917,9.512760108379426,0.6935303401820695,180,1,2024-01-05,70.1
2407850,Agility,44.95683333333333,59.00322222222222,0.178679,15.107224836549102,0.7619386135220486,180,1,2024-01-05,90.0
2407780,Agility,227.24361111111105,110.874,0.447621,25.525062977172116,2.0495662744296324,180,1,2024-01-05,91.6
2407942,Agility,23.81469444444444,26.803666666666665,0.282122,6.444322969677921,0.8884864425679736,180,1,2024-01-05,86.8
2407954,Agility,51.41068965517242,35.95189655172414,0.35526,8.199210687631037,1.4299854690894442,116,0,2024-01-05,92.4
2407779,Agility,200.2731111111111,109.96633333333332,0.361124,24.793633780729166,1.821222050789282,180,1,2024-01-05,90.5
2407718,Agility,77.51141666666669,61.86999999999999,0.376822,13.047603591579788,1.2528110015624163,180,1,2024-01-05,94.3
2407775,Agility,47.70695652173914,66.72260869565217,0.309289,17.946321041918523,0.7150043659016566,23,0,2024-01-05,94.6
2407723,Agility,75.26847222222223,59.13433333333334,0.365668,13.449061923709296,1.2728387719861933,180,1,2024-01-05,93.0
2407867,Agility,34.96494444444445,36.023555555555554,0.236768,9.87827290939369,0.9706133640950985,180,1,2024-01-05,85.8
2407888,Agility,52.34752777777778,57.03888888888888,0.301382,13.76815949889553,0.9177515340411028,180,1,2024-01-05,95.4
2407778,Agility,72.34147887323945,91.13352112676054,0.178355,21.43125481189867,0.7937965962339737,71,0,2024-01-05,90.5
2407884,Agility,51.300138888888895,71.441,0.176192,19.903410083046204,0.7180769990466104,180,1,2024-01-05,86.5
2407901,Agility,23.11672222222222,38.177777777777784,0.242203,8.867076394476275,0.6055020372526191,180,1,2024-01-05,95.8
2407829,TrueBeam,76.5245,140.02644444444442,0.187047,18.55287536191846,0.5465003435858942,180,1,2024-01-05,0.0
2407887,Agility,52.24447222222223,54.32622222222222,0.334223,13.159355652982143,0.9616805675998497,180,1,2024-01-05,93.2
2407868,TrueBeam,14.010472222222223,23.581888888888887,0.137678,7.049267837227788,0.5941200167737012,180,1,2024-01-05,96.2
2407848,Agility,51.89622222222222,55.46255555555555,0.246932,15.014821679899995,0.935698359053055,180,1,2024-01-05,88.1
2407777,Agility,87.84391304347827,75.53391304347828,0.396805,19.848935464585914,1.162973153435255,23,0,2024-01-05,91.0
2407921,Agility,68.48805555555556,49.44211111111112,0.347435,10.81389664551882,1.3852170551868739,180,1,2024-01-05,91.1
2407998,TrueBeam,51.36451612903226,38.80903225806451,0.508995,8.824993479045236,1.3235196329421155,31,0,2024-01-05,100.0
2407776,Agility,91.62521126760562,94.94591549295774,0.208933,21.308365214624466,0.9650253072171555,71,0,2024-01-05,92.1
2407869,TrueBeam,12.58,26.763555555555552,0.122907,7.6251270189221945,0.4700421800790462,180,1,2024-01-05,96.4
2407828,TrueBeam,90.00333333333333,84.98155555555556,0.184917,20.336574124502064,1.0590925612616593,180,1,2024-01-05,0.0
2407941,Agility,32.396638888888894,33.69555555555556,0.242033,7.420471846937705,0.9614513948427094,180,1,2024-01-05,90.0
2407957,Agility,10.53738888888889,17.025111111111112,0.221584,3.824845725182023,0.6189321655593698,180,1,2024-01-05,95.2
2407900,Agility,19.78708333333333,34.081222222222216,0.20254,9.074825134099498,0.5805860835715986,180,1,2024-01-05,88.1
2407970,TrueBeam,9.174916666666668,27.211,0.131735,6.584846954386437,0.3371767544987935,180,1,2024-01-05,97.1
2407984,Agility,70.83447222222222,81.13155555555555,0.165916,20.868228713748795,0.8730816479134026,180,1,2024-01-05,81.9
2407967,TrueBeam,9.712083333333332,28.26744444444444,0.131554,7.447188172399775,0.3435783999654098,180,1,2024-01-05,91.8
2407727,TrueBeam,15.233833333333335,26.105555555555554,0.121243,7.7843139253189495,0.5835475633113429,180,1,2024-01-05,96.7
2419106,Agility,17.333435114503814,28.42412213740458,0.17428,8.409825447758474,0.6098142637690811,131,0,2024-02-22,84.0
2418275,Agility,138.04202777777775,140.69011111111112,0.163925,29.27437203082452,0.9811779000498334,180,1,2024-02-22,85.7
2418920,Agility,3.2560666666666664,10.244000000000002,0.188176,2.5,0.3178510998307952,75,0,2024-02-22,92.5
2419019,Agility,75.82072222222223,44.01833333333333,0.380666,11.524314876882677,1.7224805321015235,180,1,2024-02-22,77.2
2418921,Agility,3.203369565217391,10.040434782608695,0.176971,2.5,0.3190468973281947,46,0,2024-02-22,87.2
2418274,Agility,186.0942777777778,124.02766666666666,0.235284,30.632126400017672,1.5004255322961098,180,1,2024-02-22,86.6
2418863,Agility,55.84444444444444,54.780888888888896,0.24079,16.180098518922197,1.0194147188394977,180,1,2024-02-22,82.5
2418910,TrueBeam,91.8073888888889,73.66366666666666,0.310229,17.26966551485043,1.2463049023112558,180,1,2024-02-22,99.0
2419028,TrueBeam,36.42136111111111,45.381,0.206335,11.616958945062919,0.8025685002778941,180,1,2024-02-22,97.3
2419045,TrueBeam,30.603388888888887,31.236000000000008,0.268521,7.345517908174719,0.9797473712667717,180,1,2024-02-22,97.8
2419100,Agility,36.181472222222226,60.32244444444445,0.137184,17.023084151774945,0.5998011611672088,180,1,2024-02-22,87.1
2419101,Agility,38.065805555555556,55.67155555555554,0.150482,18.010120446244116,0.6837568157686752,180,1,2024-02-22,87.0
2419048,TrueBeam,18.178944444444447,27.82388888888889,0.185982,7.660818778975979,0.6533574266717249,180,1,2024-02-22,92.0
2418862,Agility,44.71711111111111,37.97288888888888,0.192546,11.056881106444296,1.177606245391449,180,1,2024-02-22,90.9
2419009,Agility,29.211761363636366,32.78295454545455,0.212493,8.537510221483437,0.8910655481992443,88,0,2024-02-22,89.9
2418861,Agility,31.02236111111111,36.608777777777775,0.183568,8.971297516058492,0.8474022623596649,180,1,2024-02-22,96.7
2419047,TrueBeam,123.17013888888891,74.80411111111113,0.399271,17.36542856153836,1.646569113105786,180,1,2024-02-22,96.0
2418913,Agility,111.28377777777774,81.95922222222222,0.324427,19.123340665841145,1.3577944587620125,180,1,2024-02-22,90.7
2419046,TrueBeam,112.15097222222222,71.22622222222223,0.353191,17.22048989628095,1.5745742048808489,180,1,2024-02-22,98.2
2419123,Agility,6.9079444444444436,25.122666666666667,0.062235,4.645127018922193,0.2749685985210345,180,1,2024-02-22,79.3
2419031,TrueBeam,61.85057692307692,39.29538461538461,0.620242,9.370154929174843,1.5739908777699476,26,0,2024-02-22,97.3
2419027,Agility,53.24409482758622,38.81086206896551,0.287092,10.728484017626116,1.371886425325296,116,0,2024-02-22,93.1
2418909,TrueBeam,102.91283333333332,72.8561111111111,0.341503,17.541425512208075,1.4125490883857832,180,1,2024-02-22,98.7
2419104,Agility,18.37114503816794,26.771908396946564,0.184181,6.752776661534529,0.6862097675585666,131,0,2024-02-22,89.1
2418914,Agility,107.7973611111111,93.76499999999999,0.30259,17.944798233597986,1.1496545737867128,180,1,2024-02-22,89.0
2419124,Agility,9.14108333333333,36.43677777777777,0.119397,3.8733625634191635,0.2508751841088521,180,1,2024-02-22,88.4
2419099,Agility,33.1795,56.257555555555555,0.130544,18.72038105676658,0.5897785581393511,180,1,2024-02-22,88.3
2419144,TrueBeam,19.519444444444442,36.52411111111111,0.197935,6.408286287076162,0.5344262694049896,180,1,2024-02-22,82.3
2412224,Agility,50.99527777777777,39.59122222222222,0.391424,9.46776936105222,1.288045049267374,180,1,2024-01-24,80.1
2412121,TrueBeam,51.80183168316832,37.192277227722776,0.474257,11.130710049649563,1.3928115067005284,101,0,2024-01-24,97.6
2412233,Agility,96.59100000000001,59.24066666666666,0.355553,16.74225761813061,1.6304846895713532,180,1,2024-01-24,87.5
2412225,Agility,84.21519444444445,54.77733333333333,0.333329,13.33183517047069,1.5374095327345456,180,1,2024-01-24,78.3
2411802,Agility,67.06094444444444,81.39755555555556,0.219335,20.807256823177525,0.8238692671633601,180,1,2024-01-24,85.3
2412255,Agility,48.022612612612605,48.56792792792791,0.225172,13.198053384596044,0.9887721107615601,111,0,2024-01-24,85.2
2412019,Agility,44.28508333333333,40.547666666666665,0.395109,10.85812122977202,1.092173409074094,180,1,2024-01-24,89.8
2412234,Agility,127.61652777777778,69.97466666666666,0.398802,19.52907388870201,1.8237532789644506,180,1,2024-01-24,84.8
2411926,Agility,63.47572222222223,78.79922222222223,0.173887,19.430587899397153,0.8055374207021221,180,1,2024-01-24,85.5
2411927,Agility,70.09633333333333,77.01177777777777,0.210497,19.94219210932591,0.9102027684077184,180,1,2024-01-24,88.5
2411803,Agility,64.53238888888889,77.17455555555557,0.226104,20.533937336566034,0.8361873732131054,180,1,2024-01-24,85.6
2412200,Agility,21.273444444444443,33.65388888888889,0.158697,8.322690414048344,0.6321244036515508,180,1,2024-01-24,84.5
2412152,Agility,17.822,27.473888888888887,0.198388,6.964388340400624,0.6486886538733747,180,1,2024-01-24,91.5
2412133,Agility,44.78213888888889,60.086999999999996,0.232811,15.454619504170177,0.7452883134270123,180,1,2024-01-24,81.8
2412132,Agility,40.12325,54.23777777777779,0.209821,15.720349696685295,0.7397657434342605,180,1,2024-01-24,85.4
2412153,Agility,17.462777777777774,29.520666666666674,0.191136,7.443159308115301,0.5915441536249555,180,1,2024-01-24,95.5
2411913,TrueBeam,5.912638888888889,11.632666666666667,0.205174,3.2387210759610157,0.5082788889525666,180,1,2024-01-24,67.9
2412201,Agility,24.88683333333333,38.86977777777778,0.214041,8.700509797791097,0.6402617857918748,180,1,2024-01-24,86.0
2412267,Agility,78.45897222222222,67.63822222222223,0.339008,14.370317547305483,1.1599798108893062,180,1,2024-01-24,89.2
2411806,Agility,48.75338888888889,47.92322222222222,0.269614,12.540445022938405,1.017322847424932,180,1,2024-01-24,87.4
2411807,Agility,43.29008333333333,48.81644444444444,0.251052,12.455034738054572,0.8867930433278403,180,1,2024-01-24,84.4
2412266,Agility,85.91833333333334,64.82222222222222,0.371987,14.415317547305483,1.3254456633527598,180,1,2024-01-24,81.4
2411935,Agility,77.45427777777778,89.91422222222224,0.17578,22.23570687594556,0.8614240980292327,180,1,2024-01-24,80.0
2393335,Agility,152.2733611111111,112.22044444444444,0.205303,32.44180231334096,1.3569128322824915,180,1,2023-11-06,76.3
2393397,Agility,97.4798514851485,68.52970297029702,0.295137,18.300173357474016,1.4224467239760168,101,0,2023-11-06,86.7
2393400,Agility,42.60208333333333,40.762888888888895,0.294765,10.480743337062853,1.0451193351250865,180,1,2023-11-06,94.4
2393396,Agility,86.21267326732672,65.93881188118813,0.23391,18.318476063451023,1.3074647663150052,101,0,2023-11-06,82.0
2392987,TrueBeam,12.557087912087912,17.36725274725275,0.349642,4.265420284014441,0.7230324850356233,91,0,2023-11-06,98.3
2393334,Agility,43.22841666666667,76.57522222222222,0.114667,21.17501692822055,0.5645222490013451,180,1,2023-11-06,85.8
2393436,Agility,264.27283333333327,140.9021111111111,0.2995,30.522749411640937,1.8755775286073306,180,1,2023-11-06,85.6
2393070,Agility,17.42304347826087,24.005217391304342,0.192638,5.555881946986245,0.7258023618054048,23,0,2023-11-06,92.5
2393352,TrueBeam,65.61716666666666,117.73122222222221,0.263896,10.48101583392881,0.5573471966749121,180,1,2023-11-06,93.0
2393485,Agility,14.773166666666667,28.378,0.081903,6.542513296883515,0.5205851951041887,180,1,2023-11-06,75.1
2393112,Agility,10.53347222222222,22.188666666666666,0.20173,6.253664667565872,0.4747230818535989,180,1,2023-11-06,93.9
2393165,TrueBeam,54.772333333333336,44.586666666666666,0.39449,12.33907705256509,1.2284464712918661,180,1,2023-11-06,99.9
2393431,Agility,51.52680555555556,74.55355555555555,0.129983,20.12783839986443,0.691138137833802,180,1,2023-11-06,89.3
2392762,Agility,119.97238888888889,92.992,0.217686,25.281872657403852,1.2901366664754912,180,1,2023-11-06,68.4
2393325,Agility,35.08063063063063,41.50918918918919,0.154149,10.689358062398714,0.8451292669375281,111,0,2023-11-06,91.1
2393324,Agility,33.70463963963964,39.6727927927928,0.130266,11.281024974486309,0.8495655905969551,111,0,2023-11-06,92.3
2393332,Agility,48.017388888888895,79.67855555555555,0.124999,21.73063706747988,0.6026387972785094,180,1,2023-11-06,84.6
2393164,TrueBeam,54.848333333333336,42.86533333333333,0.495193,11.843210525854676,1.2795499082397588,180,1,2023-11-06,99.4
2393080,TrueBeam,60.74827777777778,50.873999999999995,0.438357,13.63497305681059,1.1940928131811492,180,1,2023-11-06,99.1
2393346,Agility,90.62016666666668,80.62844444444445,0.258352,14.582024221473917,1.123923043425535,180,1,2023-11-06,82.1
2393350,TrueBeam,74.16558333333333,126.28755555555557,0.190344,22.59959514797056,0.5872754683315325,180,1,2023-11-06,95.7
2393184,Agility,17.226904761904763,21.88380952380952,0.456969,5.879987256143828,0.7871986247715207,21,0,2023-11-06,98.2
2393223,Agility,24.258555555555557,31.209555555555553,0.282666,8.792712374937752,0.7772797505037632,180,1,2023-11-06,94.4
2393432,Agility,50.14111111111111,76.59077777777777,0.123584,20.245498652573772,0.6546625137636239,180,1,2023-11-06,84.2
2392761,Agility,147.07349999999997,94.5521111111111,0.28847,25.946938020689224,1.5554755813666536,180,1,2023-11-06,74.4
2393351,TrueBeam,103.39358333333334,132.11411111111113,0.257531,22.49812493232391,0.7826081745830834,180,1,2023-11-06,98.0
2393399,Agility,42.11213888888889,41.82299999999999,0.294697,10.659328478183593,1.0069133942780026,180,1,2023-11-06,88.2
2393198,Agility,81.65332061068702,79.46992366412215,0.186103,20.562745556175244,1.027474506654781,131,0,2023-11-06,89.0
2393435,Agility,297.50763888888883,138.43400000000003,0.38115,31.031787517317603,2.14909371172464,180,1,2023-11-06,89.4
2393248,Agility,55.94050000000001,75.87422222222223,0.160122,20.26684953030394,0.737279386352853,180,1,2023-11-06,82.7
2393069,Agility,12.308360655737701,39.31278688524591,0.144091,4.895263011290048,0.3130879703763009,61,0,2023-11-06,86.3
2392906,TrueBeam,14.842760416666664,18.115416666666665,0.316534,4.156475605579869,0.8193441359799434,96,0,2023-11-06,96.4
2393183,Agility,15.144999999999998,20.36916666666667,0.419366,5.893060617555977,0.7435257537945422,24,0,2023-11-06,95.8
2393068,Agility,14.386458333333332,22.67083333333333,0.24548,4.470127018922193,0.6345800404337438,24,0,2023-11-06,82.6
2393249,Agility,64.96863888888889,75.06944444444444,0.174641,20.316528303670108,0.8654471785383904,180,1,2023-11-06,86.8
2393199,Agility,87.99167938931298,82.07251908396947,0.184844,20.29953521307732,1.0721210993814816,131,0,2023-11-06,89.4
2393336,Agility,149.28738888888887,118.94677777777781,0.189676,32.53781292110203,1.2550772007274957,180,1,2023-11-06,85.1
2393320,TrueBeam,84.02361111111111,52.53588888888889,0.372647,13.514428730770042,1.599356418786734,180,1,2023-11-06,95.5
2405076,Agility,49.13416666666667,40.87466666666667,0.403792,10.738533680968192,1.2020689261482256,180,1,2023-12-21,97.3
2405099,Agility,68.98683962264151,43.982830188679245,0.345901,11.154675599662164,1.5684947814112713,106,0,2023-12-21,96.5
2405056,Agility,54.86572222222221,66.27944444444444,0.168782,16.791498333540027,0.8277939364475326,180,1,2023-12-21,90.9
2405016,Agility,30.783415841584162,65.79267326732673,0.086722,20.433755056908712,0.46788516582243056,101,0,2023-12-21,76.5
2404944,Agility,73.38225,73.07211111111111,0.165845,17.045559602892457,1.0042442853254547,180,1,2023-12-21,84.6
2404749,Agility,55.865992366412215,68.02045801526718,0.148978,19.043611843111535,0.821311617070751,131,0,2023-12-21,71.0
2405123,TrueBeam,20.6995,32.403777777777776,0.276212,9.963362929168937,0.638798974056523,180,1,2023-12-21,86.6
2405026,TrueBeam,49.044361111111115,57.45055555555556,0.231683,14.499436654469147,0.8536794925104679,180,1,2023-12-21,79.4
2404748,Agility,50.05361111111112,69.24022222222223,0.111147,19.560883455561893,0.7228978981388468,180,1,2023-12-21,67.5
2404945,Agility,46.13563888888889,68.47655555555555,0.13017,17.999481486508586,0.6737435683583515,180,1,2023-12-21,82.7
2405051,Agility,27.45941666666667,42.16566666666667,0.145235,12.629023646002228,0.6512269065669543,180,1,2023-12-21,87.2
2405052,Agility,3.56045918367347,9.845306122448978,0.077072,2.666541345579633,0.36164027196219073,98,0,2023-12-21,90.0
2404747,Agility,127.2787777777778,93.17366666666666,0.148425,23.33177121412428,1.3660380913538999,180,1,2023-12-21,62.2
2405120,TrueBeam,42.296166666666664,60.119666666666674,0.205331,12.134879726127021,0.7035329537200804,180,1,2023-12-21,90.7
2405053,TrueBeam,57.24349999999999,57.90222222222222,0.22798,13.605070703227605,0.9886235416027017,180,1,2023-12-21,97.6
2405086,TrueBeam,17.106499999999997,21.916777777777778,0.268397,6.121136166506918,0.7805207578161832,180,1,2023-12-21,82.3
2404761,TrueBeam,58.71825,42.961333333333336,0.253645,11.139859123395063,1.366769730920828,180,1,2023-12-21,95.6
2404937,Agility,30.058157894736837,28.86315789473684,0.398256,6.482671496486891,1.0414022611232676,76,0,2023-12-21,95.8
2405097,Agility,205.13514705882355,92.9530882352941,0.434319,23.283900158803785,2.206867474263584,136,0,2023-12-21,99.4
2405054,TrueBeam,42.620055555555545,66.9768888888889,0.188114,14.668989516071694,0.6363397324450223,180,1,2023-12-21,98.8
2405015,Agility,34.44594059405941,68.57089108910891,0.090878,19.869419343374616,0.5023405711513416,101,0,2023-12-21,66.0
2405055,Agility,50.31783333333334,65.24733333333333,0.145256,16.162667370372667,0.7711860510263512,180,1,2023-12-21,86.1
2405096,Agility,232.21176470588233,97.3525,0.458695,23.97433324542082,2.385267606952901,136,0,2023-12-21,99.8
2405059,Agility,187.79419444444449,73.204,0.451768,19.568293972938456,2.5653542763297703,180,1,2023-12-21,99.7
2405075,Agility,51.13708333333333,41.358111111111114,0.468869,10.782532918635624,1.2364462969778867,180,1,2023-12-21,96.1
2411808,Agility,94.29366666666667,79.50788888888889,0.248362,18.604673874438923,1.185966172469259,180,1,2024-01-23,90.2
2411804,TrueBeam,6.158305555555555,13.318000000000001,0.255856,3.701956127907825,0.46240468205102525,180,1,2024-01-23,80.2
2411805,Agility,63.551277777777784,62.49522222222222,0.367063,12.288393605400998,1.0168981806609219,180,1,2024-01-23,97.3
2411425,TrueBeam,10.180384615384616,16.49692307692308,0.180074,4.445832671502094,0.6171080854238553,91,0,2024-01-23,96.5
2411872,Agility,75.0835294117647,40.902058823529416,0.647589,9.999419391812935,1.8356907102331967,68,0,2024-01-23,83.6
2411809,Agility,93.09602777777778,76.65877777777777,0.255704,18.752200730147358,1.2144209766512206,180,1,2024-01-23,84.0
2411639,Agility,10.911999999999999,22.482444444444447,0.112805,5.101389128802988,0.4853564756699053,180,1,2024-01-23,89.4
2411766,Agility,75.2445070422535,93.57408450704224,0.179227,20.743157943662897,0.8041169458258576,71,0,2024-01-23,87.4
2411875,Agility,62.82021126760563,43.36760563380281,0.580976,8.690773635213842,1.4485515247962069,71,0,2024-01-23,87.8
2411767,Agility,63.109782608695646,80.44521739130435,0.263639,18.247008354397945,0.7845063343133862,23,0,2024-01-23,89.4
2411705,Agility,61.77847222222222,83.31322222222222,0.164693,22.190823947673525,0.7415206203097013,180,1,2024-01-23,83.7
2411768,Agility,65.61021739130435,79.56260869565219,0.350481,20.01801760551637,0.824636326874105,23,0,2024-01-23,89.0
2411912,TrueBeam,10.274484126984127,17.393015873015873,0.357443,5.0716154629162915,0.5907247024895963,126,0,2024-01-23,94.3
2411769,Agility,87.38795774647889,96.2281690140845,0.208749,21.595979165691745,0.9081328122713037,71,0,2024-01-23,90.7
2411538,Agility,108.98930555555556,70.051,0.344892,18.08132861527516,1.555856526752731,180,1,2024-01-23,88.2
2411715,Agility,64.13361111111111,80.28333333333333,0.181177,22.505456178992574,0.7988409106636218,180,1,2024-01-23,85.0
2411902,Agility,65.86930555555554,78.31422222222221,0.162172,19.787492945191822,0.8410899538610838,180,1,2024-01-23,80.4
2411903,Agility,72.68066666666665,78.59355555555555,0.185187,19.880749589931813,0.9247662375484559,180,1,2024-01-23,84.9
2411539,Agility,102.38952777777777,78.41922222222222,0.31947,17.964116750123768,1.3056687490170353,180,1,2024-01-23,82.9
2404132,Agility,21.511583333333334,29.348333333333336,0.210624,7.229600770320334,0.7329746152535634,180,1,2023-12-19,93.4
2404276,TrueBeam,9.637777777777778,17.93788888888889,0.148837,5.556379860126757,0.5372860673558761,180,1,2023-12-19,96.4
2404352,Agility,51.91975,43.164,0.24305,11.178028144501965,1.202848438513576,180,1,2023-12-19,96.3
2404241,Agility,14.47385496183206,26.22458015267176,0.073641,8.378318018220481,0.5519194159666067,131,0,2023-12-19,76.4
2404312,Agility,103.74708333333332,72.78333333333333,0.232931,18.444851890435128,1.4254236317838331,180,1,2023-12-19,89.3
2404236,Agility,14.136777777777777,29.689000000000004,0.202886,6.096711552321483,0.476162140111751,180,1,2023-12-19,93.9
2404342,Agility,34.473021978021976,57.15032967032966,0.104134,16.256362073069408,0.6031990047455333,91,0,2023-12-19,78.2
2404250,Agility,70.59908333333333,46.24366666666667,0.404734,11.704459507257262,1.526675724964139,180,1,2023-12-19,95.8
2404354,Agility,60.09022222222223,43.998999999999995,0.348363,11.263620278096738,1.3657179077302266,180,1,2023-12-19,95.2
2404211,Agility,75.17455357142856,68.76928571428572,0.305292,14.987681472778094,1.09314140448913,56,0,2023-12-19,97.5
2404270,Agility,120.30769444444444,60.65433333333333,0.377852,14.845526888520837,1.9834971028908808,180,1,2023-12-19,99.0
2404210,Agility,66.18473214285714,65.86892857142857,0.291572,15.018307909609902,1.0047944239913682,56,0,2023-12-19,94.9
2404244,Agility,59.66708333333334,46.216888888888896,0.198274,10.43912695170389,1.2910233632726853,180,1,2023-12-19,86.2
2404341,Agility,34.65335164835165,55.853626373626376,0.112036,16.048931405329977,0.6204315439886045,91,0,2023-12-19,76.3
2404183,Agility,22.430833333333332,34.28377777777777,0.216004,9.840362440541465,0.6542695930047902,180,1,2023-12-19,92.0
2404235,Agility,12.753277777777779,26.413555555555558,0.155786,6.481425427256089,0.48283078553941156,180,1,2023-12-19,84.8
2404262,Agility,88.28158333333332,61.60455555555556,0.345226,16.361708579681096,1.4330366080430557,180,1,2023-12-19,97.9
2404188,TrueBeam,24.988,29.245,0.31297,8.920562408235167,0.8544366558386048,180,1,2023-12-19,99.1
2404184,Agility,28.9128125,38.980000000000004,0.441763,10.412542170922848,0.7417345433555669,16,0,2023-12-19,97.2
2404238,Agility,10.719847328244272,22.705801526717558,0.060636,6.626044972549794,0.47211930905105454,131,0,2023-12-19,70.7
2404015,Agility,31.97274647887324,46.85521126760563,0.215015,15.025638643979269,0.6823733286841093,71,0,2023-12-19,91.4
2404275,Agility,22.000999999999998,24.974333333333334,0.320036,6.347580095228021,0.8809444362879222,180,1,2023-12-19,94.0
2409604,Agility,32.197722222222225,47.287000000000006,0.251723,12.818940890451948,0.6809000829450425,180,1,2024-01-15,88.9
2409560,Agility,33.92155737704918,39.28032786885247,0.356595,10.403826596648083,0.863576228037227,61,0,2024-01-15,95.0
2407010,Agility,60.78955555555555,59.27422222222223,0.260807,15.827289951053299,1.0255647948892903,180,1,2024-01-15,93.7
2409408,Agility,50.399499999999996,66.20011111111111,0.184098,16.956416891549587,0.7613204744537185,180,1,2024-01-15,69.5
2407011,Agility,56.97994444444444,58.094555555555544,0.297615,15.12272845580242,0.9808138456271482,180,1,2024-01-15,96.5
2409561,Agility,46.24833333333333,36.493333333333325,0.644323,10.23125822600772,1.2673090975520644,21,0,2024-01-15,92.9
2409812,TrueBeam,25.625222222222217,104.56499999999998,0.228068,8.650564542862075,0.2450650047551496,180,1,2024-01-15,94.6
2409675,TrueBeam,72.03675000000001,52.03000000000001,0.383307,14.381710009730659,1.3845233519123583,180,1,2024-01-15,98.9
2409340,Agility,199.4555,122.38244444444443,0.305721,27.023625248315714,1.6297721532318545,180,1,2024-01-15,75.5
2409643,TrueBeam,56.25083333333333,37.58166666666667,0.606039,9.213315737681599,1.4967626058805268,24,0,2024-01-15,100.0
2409707,Agility,73.45693548387099,71.75032258064515,0.274295,18.87907265886666,1.0237854387526644,31,0,2024-01-15,69.0
2409642,TrueBeam,38.67536231884058,50.82231884057971,0.357794,8.002869814113984,0.7609916902878456,69,0,2024-01-15,99.3
2409603,Agility,30.626694444444446,46.7678888888889,0.19985,13.239787232771878,0.6548658742584536,180,1,2024-01-15,91.1
2409438,Agility,7.292,19.331888888888887,0.094047,4.683130976934084,0.3772005954467863,180,1,2024-01-15,72.9
2409341,Agility,134.23627777777776,121.54977777777778,0.224191,25.378219858318012,1.1043728769557601,180,1,2024-01-15,70.5
2409773,Agility,130.5793611111111,76.24011111111109,0.281423,16.227596119476665,1.712738336920927,180,1,2024-01-15,86.6
2409708,Agility,92.30347222222223,78.0321111111111,0.288359,18.135680614746693,1.1828908754088419,180,1,2024-01-15,92.7
2409744,TrueBeam,44.25471830985915,58.71887323943662,0.214942,14.48621982089244,0.7536711089363498,71,0,2024-01-15,97.3
2409565,Agility,29.991222222222223,33.620666666666665,0.109309,8.481021200601912,0.8920472196334266,180,1,2024-01-15,57.1
2409709,Agility,90.42277777777777,95.27355555555555,0.252464,17.57192632647893,0.9490857903907112,180,1,2024-01-15,90.3
2409811,TrueBeam,90.36116666666666,129.14844444444446,0.242758,22.103940239141153,0.6996690285769346,180,1,2024-01-15,95.6
2409743,TrueBeam,47.29333333333333,111.83488888888888,0.167549,16.99618566050698,0.42288532499299564,180,1,2024-01-15,95.8
2413616,Agility,134.37580555555553,109.12866666666666,0.225071,27.945306934260724,1.2313520329722916,180,1,2024-01-15,74.9
2409866,TrueBeam,50.55902654867258,39.497699115044256,0.397642,9.812472602862215,1.2800499188930015,113,0,2024-01-15,99.1
2409867,TrueBeam,73.44421052631579,40.0378947368421,0.678523,7.68586336284733,1.8343674413713327,19,0,2024-01-15,100.0
2413617,Agility,117.02950000000001,113.60288888888887,0.197982,27.309941569630297,1.0301630631458905,180,1,2024-01-15,78.3
2409559,Agility,47.82809523809523,37.08380952380952,0.65621,10.227771996297815,1.2897298269043094,21,0,2024-01-15,95.8
2409742,TrueBeam,60.19269444444445,74.53944444444444,0.197301,17.080795410516767,0.8075280798384152,180,1,2024-01-15,97.1
2409646,Agility,18.602916666666665,20.56377777777778,0.406107,5.16661522251124,0.9046448987972378,180,1,2024-01-15,99.7
2409810,TrueBeam,90.99769444444443,129.2493333333333,0.220286,22.399524738614694,0.7040476890489012,180,1,2024-01-15,95.9
2408869,Agility,180.38642857142855,82.18571428571427,0.612903,22.254447639879317,2.1948635494524598,21,0,2024-01-12,91.2
2409405,Agility,51.119055555555555,63.19599999999999,0.191892,19.710917818444006,0.8088970117658644,180,1,2024-01-12,76.6
2409278,Agility,41.800826446281,55.928925619834715,0.123832,12.648534147329052,0.7473919082660994,121,0,2024-01-12,78.3
2409258,Agility,75.7263223140496,79.45735537190083,0.175153,20.36359240475384,0.953043578654385,121,0,2024-01-12,80.6
2409327,TrueBeam,243.9231818181818,131.59,0.662356,27.925762113533153,1.8536604743383371,44,0,2024-01-12,93.6
2409409,Agility,84.11461538461539,66.21120879120879,0.340834,16.317371092992765,1.270398425285716,91,0,2024-01-12,87.4
2409223,Agility,12.499444444444444,25.509444444444448,0.143923,7.162650303932384,0.4899928131193239,180,1,2024-01-12,84.5
2409326,TrueBeam,230.2142307692308,131.05538461538464,0.664307,26.959115042847966,1.7566178714812293,26,0,2024-01-12,92.9
2409392,Agility,87.18709677419353,82.14967741935484,0.343158,19.105058920991645,1.061320013822134,31,0,2024-01-12,81.5
2409177,TrueBeam,59.72097826086956,38.19086956521739,0.473636,9.0,1.5637501565363903,46,0,2024-01-12,98.7
2409399,Agility,25.43711111111111,34.60211111111111,0.242991,9.440788688891235,0.7351317678112126,180,1,2024-01-12,90.7
2409225,TrueBeam,21.583712871287126,27.24039603960396,0.145588,6.912349308232846,0.7923421098543222,101,0,2024-01-12,86.5
2409224,TrueBeam,21.367871287128708,28.62217821782178,0.136618,6.985560132140878,0.7465494458358123,101,0,2024-01-12,89.4
2409175,TrueBeam,54.19607142857143,43.36714285714286,0.337106,11.5,1.2497035280166024,84,0,2024-01-12,93.6
2409401,TrueBeam,22.988626373626374,28.646813186813187,0.191187,8.613638523639159,0.8024845983290242,91,0,2024-01-12,95.9
2405419,TrueBeam,11.744361111111111,32.44233333333333,0.142294,8.53482244840431,0.36200728814546157,180,1,2024-01-12,74.8
2409400,Agility,24.670583333333333,33.23444444444445,0.230189,9.487376117009687,0.7423197151549596,180,1,2024-01-12,93.3
2409375,Agility,222.01083333333332,134.30155555555558,0.232872,32.840383642798834,1.6530771547280825,180,1,2024-01-12,62.0
2408871,Agility,182.6945238095238,93.2952380952381,0.602476,22.449676503634073,1.9582406084115962,21,0,2024-01-12,87.6
2409562,Agility,216.44844444444445,103.12111111111113,0.398446,25.095219664310573,2.0989731599306096,180,1,2024-01-12,91.5
2409518,TrueBeam,16.296428571428574,20.866530612244897,0.394932,5.706547328075988,0.7809840971773958,98,0,2024-01-12,83.5
2409373,Agility,175.05952777777776,130.42488888888886,0.185103,34.18574476419143,1.3422248565372663,180,1,2024-01-12,41.9
2408870,Agility,106.26951219512196,91.44,0.40977,21.944606695168385,1.162177517444466,41,0,2024-01-12,83.8
2409277,Agility,33.392685950413224,54.02545454545454,0.098012,12.89344178444997,0.6180917167909833,121,0,2024-01-12,81.7
2409257,Agility,76.08289256198347,79.51917355371899,0.176242,19.019212793628206,0.9567867617560921,121,0,2024-01-12,86.6
2409328,TrueBeam,229.13071428571428,134.71904761904764,0.68729,28.506787517317598,1.7008041426602096,21,0,2024-01-12,98.9
2409406,Agility,55.54038461538462,69.72857142857143,0.318649,20.02717123774788,0.7965226230438277,91,0,2024-01-12,79.4
2409386,TrueBeam,15.018249999999998,21.55322222222222,0.208376,6.3401036536468816,0.6967983647714443,180,1,2024-01-12,89.4
2402336,Agility,80.71369444444444,84.54688888888889,0.202213,21.843939533051838,0.9546619101563629,180,1,2023-12-11,85.7
2402273,Agility,174.3046666666667,114.4948888888889,0.231814,30.383819257348286,1.5223794560455879,180,1,2023-12-11,94.8
2402286,Agility,92.17727722772275,79.43405940594059,0.218685,21.142769303403917,1.1604251113072177,101,0,2023-12-11,91.4
2402269,Agility,67.46944444444445,74.57688888888889,0.177206,18.645748156711484,0.9046964206963135,180,1,2023-12-11,85.6
2402300,TrueBeam,67.91455555555557,45.32899999999999,0.355546,11.386076375900203,1.4982584119560454,180,1,2023-12-11,97.9
2402316,Agility,134.32744444444447,73.42388888888888,0.416512,17.898818882878043,1.829478749725718,180,1,2023-12-11,96.6
2402287,Agility,95.24237623762377,78.44198019801979,0.202041,20.600660583513484,1.2141760827199017,101,0,2023-12-11,93.1
2402268,TrueBeam,104.90236111111113,61.84811111111111,0.478426,11.451673062082548,1.6961287778482415,180,1,2023-12-11,96.6
2384561,Agility,107.39772222222223,92.81177777777779,0.211512,23.825086889072917,1.157156179890962,180,1,2023-12-11,79.1
2402272,Agility,340.5666666666666,130.6538888888889,0.435935,30.279103797481064,2.606632451302635,180,1,2023-12-11,94.2
2402306,TrueBeam,95.386875,45.86,0.686465,9.613188489902388,2.0799580244221545,16,0,2023-12-11,99.7
2402367,Agility,38.98047169811321,48.2788679245283,0.200702,12.118622672937276,0.8074023558101909,106,0,2023-12-11,91.3
2402259,TrueBeam,19.276138888888887,21.521333333333335,0.330805,3.937276633326502,0.8956758668401378,180,1,2023-12-11,98.2
2402258,TrueBeam,34.090583333333335,29.65211111111111,0.393523,6.892741545357628,1.149684864109357,180,1,2023-12-11,98.7
2402191,Agility,117.35177777777777,92.45500000000001,0.186578,25.569669477295044,1.2692853580420502,180,1,2023-12-11,94.2
2402282,Agility,26.619555555555554,46.90388888888889,0.085477,14.824821364912635,0.5675340826986627,180,1,2023-12-11,94.6
2402060,Agility,60.65136111111111,62.77633333333333,0.221132,15.417516978197408,0.966150106108636,180,1,2023-12-11,89.6
2402061,Agility,70.5145,63.640888888888895,0.224728,14.796351269951357,1.1080062084473992,180,1,2023-12-11,91.2
2402368,Agility,52.74575471698113,59.71773584905661,0.250739,17.64231419060436,0.883251080555064,106,0,2023-12-11,94.4
2402283,Agility,105.68611111111112,97.0572222222222,0.235345,25.067981968537836,1.088905170489345,180,1,2023-12-11,85.5
2402305,TrueBeam,80.31108333333334,56.23355555555556,0.485423,13.650022090030571,1.428170111953717,180,1,2023-12-11,89.1
2402169,TrueBeam,12.456555555555555,24.745111111111104,0.115054,7.667845355022813,0.5033946099341734,180,1,2023-12-11,86.2
2402190,Agility,185.736,101.23244444444444,0.362839,25.641531547468254,1.8347477532455558,180,1,2023-12-11,91.9
2402267,TrueBeam,95.32177777777781,53.42255555555556,0.427139,13.946894013958424,1.7842983508838344,180,1,2023-12-11,96.5
2384562,Agility,167.9944722222222,120.77233333333332,0.299243,23.21826248170681,1.3910012962865852,180,1,2023-12-11,77.8
2402302,Agility,89.70855555555555,70.1661111111111,0.228779,18.371736733846653,1.2785168528650266,180,1,2023-12-11,84.7
2402284,Agility,101.76308333333333,96.0908888888889,0.208198,26.506517946167335,1.059029472097019,180,1,2023-12-11,88.6
2402211,Agility,16.974833333333336,29.843777777777774,0.122634,7.940666928493793,0.5687896974615965,180,1,2023-12-11,88.5
2402303,Agility,87.45291666666668,80.21355555555554,0.281248,17.4001632965998,1.090251093608451,180,1,2023-12-11,89.0
2402180,Agility,78.41980555555554,55.54633333333334,0.320706,16.37464953193622,1.4117908572823086,180,1,2023-12-11,93.9
2402270,Agility,54.27933333333333,73.92588888888889,0.152509,18.278384421787102,0.7342398468135504,180,1,2023-12-11,78.0
2402335,Agility,62.2698888888889,78.86533333333334,0.147511,21.255200211548395,0.7895723793583437,180,1,2023-12-11,86.7
2411330,TrueBeam,41.737472222222216,64.1451111111111,0.143774,16.17570011692935,0.6506726935108936,180,1,2024-01-22,97.0
2411516,Agility,117.95416666666667,89.05111111111111,0.282712,19.775597534415645,1.324567040151723,180,1,2024-01-22,94.7
2411469,Agility,63.57169444444445,52.504999999999995,0.436313,12.920411106098596,1.210774106169783,180,1,2024-01-22,95.0
2411517,Agility,106.81672222222224,95.82577777777777,0.270119,19.53485937269864,1.1146971587325147,180,1,2024-01-22,92.5
2411560,TrueBeam,63.56086111111112,52.181555555555555,0.336316,11.136372893685156,1.2180714130578283,180,1,2024-01-22,92.3
2411433,Agility,72.00819444444446,95.61011111111111,0.136882,26.036587051114985,0.7531441351507454,180,1,2024-01-22,84.9
2411480,Agility,82.75508333333333,91.40344444444443,0.195295,21.917092613526826,0.9053825469742814,180,1,2024-01-22,87.6
2411434,TrueBeam,28.99538888888888,41.08422222222222,0.254363,7.575992918975508,0.7057548450608233,180,1,2024-01-22,100.0
2411435,Agility,71.50580555555555,96.83577777777779,0.14827,25.4199578919323,0.7384234132930665,180,1,2024-01-22,84.4
2411570,TrueBeam,53.72880555555556,38.35022222222223,0.492543,7.796551156136856,1.4010037606619692,180,1,2024-01-22,99.3
2411182,TrueBeam,32.68716049382716,34.37259259259259,0.243879,9.560874150835573,0.9509658139919115,81,0,2024-01-22,99.0
2411317,Agility,75.4646388888889,82.06388888888888,0.217493,21.62824398420918,0.9195839962089161,180,1,2024-01-22,87.8
2411481,Agility,83.65844444444444,91.92177777777776,0.229322,21.366836748655636,0.9101047267241714,180,1,2024-01-22,89.2
2411340,Agility,326.24822222222224,143.31422222222224,0.383122,30.484373695968245,2.276453914785537,180,1,2024-01-22,95.0
2411550,Agility,54.92366666666667,58.084111111111106,0.268262,15.517276816083251,0.9455884856635111,180,1,2024-01-22,93.2
2411569,TrueBeam,41.47069306930693,37.45465346534654,0.250164,12.170333788441798,1.1072240491472196,101,0,2024-01-22,96.5
2411545,Agility,54.477694444444445,61.440777777777775,0.284165,16.28509156734752,0.8866700001989269,180,1,2024-01-22,95.1
2411477,Agility,94.01283333333332,51.903666666666666,0.583756,15.081052219564132,1.8112946419970326,180,1,2024-01-22,94.8
2411318,Agility,76.84366666666666,83.03633333333333,0.236058,22.279439276670352,0.9254222047376851,180,1,2024-01-22,87.1
2411573,TrueBeam,10.454722222222221,27.21355555555556,0.150117,8.828479708755143,0.3841733286515706,180,1,2024-01-22,66.3
2411362,Agility,82.01219444444445,90.09411111111112,0.172886,21.659602857897532,0.9102947288452692,180,1,2024-01-22,90.3
2411339,Agility,305.7433888888889,144.6978888888889,0.337253,31.879973453790807,2.1129775371060466,180,1,2024-01-22,91.3
2411365,Agility,84.6673611111111,89.35222222222222,0.181028,20.991551810493725,0.9475686111145653,180,1,2024-01-22,88.1
2411329,TrueBeam,60.26316666666666,110.94233333333335,0.195272,19.752700463773216,0.5431936110952535,180,1,2024-01-22,93.5
2411431,TrueBeam,28.2305,32.43966666666667,0.240473,8.440198595571319,0.8702463033939929,180,1,2024-01-22,96.1
2415125,Agility,37.658762376237625,50.627722772277224,0.096887,14.47924736147263,0.743836781789025,101,0,2024-02-05,85.4
2414903,Agility,65.16313888888888,74.44944444444444,0.240201,19.3868381787052,0.8752669596818123,180,1,2024-02-05,84.5
2415057,Agility,213.47266666666667,105.82044444444445,0.165242,32.979007369838776,2.0173102446072173,180,1,2024-02-05,60.7
2414963,Agility,66.90005555555555,75.23833333333334,0.164991,19.728227040123414,0.8891751397411188,180,1,2024-02-05,88.1
2415103,TrueBeam,24.718186813186808,25.311648351648355,0.340036,6.771595062938383,0.9765538170325087,91,0,2024-02-05,97.2
2415007,Agility,49.11736111111111,60.05066666666668,0.193655,15.273022859910949,0.8179319870627764,180,1,2024-02-05,96.1
2414801,TrueBeam,61.32622641509435,51.273773584905655,0.21776,13.058166138243042,1.1960544763404737,106,0,2024-02-05,90.4
2414913,Agility,21.515972222222224,36.23822222222223,0.152787,9.793255109722132,0.5937369689462323,180,1,2024-02-05,88.0
2414549,Agility,35.68611111111111,43.647444444444446,0.190427,12.731332102939326,0.8175990957851674,180,1,2024-02-05,89.3
2414965,Agility,60.44266666666667,75.09866666666666,0.171943,19.297239612993238,0.8048434060080961,180,1,2024-02-05,77.7
2414912,Agility,20.722805555555553,35.86044444444445,0.126,9.513374703517496,0.5778736397888108,180,1,2024-02-05,89.7
2414904,Agility,68.11875,76.03166666666667,0.228784,19.18237113307421,0.8959260395887679,180,1,2024-02-05,83.3
2415006,Agility,49.341972222222225,53.26677777777778,0.176428,15.410283194900998,0.9263179467710747,180,1,2024-02-05,91.0
2415005,Agility,41.60118811881189,42.29524752475248,0.288588,10.759076678947341,0.983590132543038,101,0,2024-02-05,94.6
2415013,Agility,71.88100000000001,69.18533333333333,0.241902,14.952409100097402,1.0389629786659988,180,1,2024-02-05,94.2
2415033,Agility,34.33094444444444,38.040333333333336,0.412084,9.677381201603346,0.9024880025002701,180,1,2024-02-05,97.0
2414989,Agility,36.87529702970298,64.3930693069307,0.14799,17.848268552084402,0.5726594092593448,101,0,2024-02-05,89.0
2414988,Agility,44.08460396039604,64.9552475247525,0.179853,18.25702898557092,0.6786919554666729,101,0,2024-02-05,86.7
2414731,Agility,35.87125,30.619666666666667,0.51761,8.433982603442427,1.171510140541482,180,1,2024-02-05,93.1
2415012,Agility,60.855416666666656,57.08988888888889,0.210794,15.705336906317871,1.0659578753972776,180,1,2024-02-05,93.4
2414879,Agility,45.819722222222225,52.836222222222226,0.149911,14.80670403175546,0.8672028448497032,180,1,2024-02-05,85.3
2415004,Agility,38.73544554455446,38.28257425742575,0.298389,9.822059734564458,1.0118296978694128,101,0,2024-02-05,89.3
2414880,Agility,40.69036111111111,53.59788888888888,0.127758,14.243507214629144,0.7591784294986743,180,1,2024-02-05,85.7
2414802,TrueBeam,55.61268867924528,63.821132075471695,0.217242,13.644092107065276,0.8713836134006598,106,0,2024-02-05,92.9
2414921,TrueBeam,28.80456310679612,26.72660194174757,0.382068,6.829989410579315,1.0777487976053823,103,0,2024-02-05,94.5
2413991,Agility,128.63608333333332,103.26822222222222,0.191687,25.227951863360886,1.2456502161577079,180,1,2024-02-05,79.7
2413990,Agility,154.90402777777774,102.577,0.243378,25.38841967132445,1.5101243726934668,180,1,2024-02-05,82.2
2415126,Agility,36.59529702970298,51.17841584158415,0.117305,14.03039528632219,0.7150533369961813,101,0,2024-02-05,86.8
2415034,Agility,34.53622222222222,38.824222222222225,0.392117,9.39534430637472,0.8895534860825715,180,1,2024-02-05,96.9
2403931,Agility,99.64775000000003,63.08311111111111,0.324316,18.197266397514632,1.579626436376703,180,1,2023-12-18,96.4
2404020,Agility,106.96880555555556,82.90622222222221,0.299292,17.801767596792782,1.2902385694144392,180,1,2023-12-18,94.3
2403784,TrueBeam,46.214916666666674,74.31877777777778,0.164957,20.187321054668203,0.621847103094926,180,1,2023-12-18,95.9
2403946,Agility,110.4575,91.87455555555555,0.344462,20.484761717996555,1.2022643193436462,180,1,2023-12-18,91.7
2403947,Agility,123.69147222222222,103.315,0.32677,18.68856111984057,1.1972266584931734,180,1,2023-12-18,96.6
2403785,TrueBeam,77.39905555555555,83.86188888888888,0.225046,16.02504260884603,0.9229347988822892,180,1,2023-12-18,97.5
2403930,Agility,96.37216666666666,63.26422222222223,0.315068,17.320898535814266,1.5233280878432252,180,1,2023-12-18,93.5
2404125,TrueBeam,25.713249999999995,30.15222222222222,0.199948,9.904074779624743,0.8527812580609498,180,1,2023-12-18,98.9
2403868,Agility,61.42552777777779,60.888222222222225,0.19234,16.727874641334235,1.0088244579320214,180,1,2023-12-18,90.4
2403612,Agility,25.99152777777778,38.64011111111112,0.113736,14.14150621092583,0.672656652126029,180,1,2023-12-18,90.2
2403608,Agility,162.7001388888889,97.14922222222222,0.279467,22.207965770322676,1.6747446368301684,180,1,2023-12-18,94.7
2403609,Agility,201.16099999999997,124.222,0.383538,22.34323183577481,1.6193669398335238,180,1,2023-12-18,98.1
2403954,Agility,132.16143564356435,73.19821782178218,0.377299,18.4627210969414,1.805528052135663,101,0,2023-12-18,93.6
2403893,Agility,41.2892957746479,51.80056338028169,0.269981,11.77240951275347,0.7970819829030085,71,0,2023-12-18,97.6
2403866,Agility,36.30227777777778,38.398555555555554,0.129,9.867380720793241,0.9454073793285049,180,1,2023-12-18,85.6
2403888,TrueBeam,26.43030864197531,27.588148148148154,0.234847,7.921183868266008,0.95803127125622,81,0,2023-12-18,99.0
2403892,Agility,24.768854166666667,39.41708333333333,0.142226,9.719649457592954,0.6283786640733185,96,0,2023-12-18,88.4
2403611,Agility,24.974305555555556,38.20166666666667,0.099361,13.872334404019206,0.65374910925934,180,1,2023-12-18,89.0
2404019,Agility,124.76480555555555,79.776,0.370394,19.878063576343322,1.5639390989214246,180,1,2023-12-18,96.6
2404574,Agility,46.973472222222235,57.753888888888895,0.339613,13.068731047976346,0.8133386881114308,180,1,2023-12-20,95.1
2404647,Agility,100.4095277777778,87.91777777777779,0.288516,24.34431734344796,1.142084460227991,180,1,2023-12-20,89.3
2404515,Agility,24.400083333333335,50.06166666666666,0.117521,14.567031021007296,0.48740053933482047,180,1,2023-12-20,85.9
2404780,Agility,175.07888888888888,136.16666666666666,0.241116,31.983774815425374,1.2857690738474092,180,1,2023-12-20,86.9
2404781,Agility,201.37499999999997,136.79266666666666,0.234703,28.81121839763526,1.472118388412634,180,1,2023-12-20,96.8
2404514,Agility,25.25466666666667,51.50500000000001,0.15277,11.321356763270968,0.4903342717535514,180,1,2023-12-20,90.8
2404646,Agility,112.72086111111109,86.347,0.295003,24.732545911101738,1.3054403871716573,180,1,2023-12-20,90.7
2404611,Agility,72.38369444444444,66.17822222222222,0.282885,15.786599511496833,1.0937690982599177,180,1,2023-12-20,93.0
2404745,Agility,19.985194444444446,43.78011111111111,0.139822,12.425848945365777,0.45649026320932135,180,1,2023-12-20,83.5
2404572,Agility,41.13611111111111,50.13122222222223,0.293711,12.895557902785523,0.8205686852948151,180,1,2023-12-20,96.4
2404677,TrueBeam,52.882444444444445,47.98255555555556,0.366803,10.577704582672666,1.1021181308947927,180,1,2023-12-20,99.6
2404709,Agility,48.63422222222222,60.34466666666667,0.223387,17.77953903370239,0.8059406888577099,180,1,2023-12-20,88.9
2404498,Agility,63.417138888888886,77.30766666666666,0.186045,20.056804190282087,0.8203214716378568,180,1,2023-12-20,89.9
2404292,TrueBeam,20.628249999999998,37.67177777777778,0.135886,10.499210003457886,0.5475783521999964,180,1,2023-12-20,83.4
2404656,Agility,49.14261111111112,46.520777777777774,0.349962,11.641049266984766,1.0563583297308017,180,1,2023-12-20,94.4
2404784,Agility,7.605138888888889,32.10433333333334,0.040464,18.735244555731615,0.23688823592522987,180,1,2023-12-20,88.4
2404696,Agility,4.91386111111111,12.70688888888889,0.167186,3.3015351892271374,0.38670843461989113,180,1,2023-12-20,97.9
2404497,Agility,54.05408333333334,73.67600000000002,0.159646,20.222400101502636,0.7336728830736376,180,1,2023-12-20,86.7
2404710,Agility,47.54375,59.888111111111115,0.215114,17.883066651743405,0.7938762655544691,180,1,2023-12-20,88.3
2404746,Agility,30.091562500000002,41.894999999999996,0.209124,9.779353420618104,0.7182614273779688,16,0,2023-12-20,92.0
2404678,TrueBeam,52.27936111111111,50.57288888888888,0.363896,9.233451374599444,1.0337428266352635,180,1,2023-12-20,99.5
2404785,Agility,8.470694444444444,36.37711111111112,0.035159,14.199228634059953,0.23285781046689913,180,1,2023-12-20,90.5
2404599,Agility,199.5487222222222,98.41966666666667,0.37153,23.750920859828632,2.0275289378703665,180,1,2023-12-20,79.8
2404782,Agility,14.35586111111111,44.361000000000004,0.059396,16.652049145143774,0.3236144611508106,180,1,2023-12-20,78.9
2404612,Agility,72.29005555555555,65.30222222222223,0.273205,15.80471684465401,1.1070075886476551,180,1,2023-12-20,90.5
2404653,TrueBeam,57.59274774774775,64.99549549549549,0.154085,18.35508147540504,0.8861036800887103,111,0,2023-12-20,98.2
2404652,TrueBeam,61.87864864864865,67.02342342342342,0.222357,18.361182377397377,0.9232391526426152,111,0,2023-12-20,97.9
2404783,Agility,13.374861111111109,46.04211111111111,0.063515,18.34070513151913,0.29049191682010905,180,1,2023-12-20,90.5
2404664,Agility,74.68477777777778,43.63677777777778,0.534069,10.180269837257333,1.7115099139105392,180,1,2023-12-20,97.2
2412479,Agility,33.185583333333334,32.470888888888894,0.353862,8.208279246146569,1.0220103135115897,180,1,2024-01-25,88.8
2412438,Agility,52.75502777777777,74.30311111111111,0.150974,18.223476303856074,0.7099975625366366,180,1,2024-01-25,84.8
2412439,Agility,53.06255555555557,72.88655555555555,0.149406,18.303659587183922,0.7280156834288906,180,1,2024-01-25,86.0
2412527,Agility,21.99106382978723,47.02368794326241,0.142553,12.132723037947656,0.4676592753916088,141,0,2024-01-25,87.0
2412589,Agility,34.5276388888889,41.483333333333334,0.164315,9.671668427089143,0.8323255658229546,180,1,2024-01-25,82.0
2412566,Agility,37.200138888888894,52.56088888888888,0.140011,14.075274835312506,0.7077532301161829,180,1,2024-01-25,84.4
2412622,TrueBeam,10.489333333333333,16.880777777777777,0.39963,4.724542024150488,0.6213773720273552,180,1,2024-01-25,89.1
2408506,TrueBeam,11.311000000000002,18.637666666666664,0.295425,6.013991656817707,0.6068892744084562,180,1,2024-01-25,90.7
2412222,Agility,100.00280555555554,75.20977777777777,0.318196,17.595777511679607,1.3296516558130738,180,1,2024-01-25,85.3
2412536,Agility,14.089499999999997,28.85377777777778,0.130414,6.004165124598849,0.48830694228369853,180,1,2024-01-25,88.9
2412608,TrueBeam,16.08565934065934,22.339560439560437,0.182874,6.351066324937927,0.7200526341679375,91,0,2024-01-25,97.9
2412346,Agility,18.781831683168317,30.023762376237624,0.112466,9.627138401365048,0.6255655586334257,101,0,2024-01-25,87.4
2412487,Agility,29.810944444444452,32.25366666666667,0.312803,9.306202785437922,0.9242652859450952,180,1,2024-01-25,89.9
2412452,TrueBeam,46.22991666666667,37.62344444444444,0.44873,9.769766288915863,1.2287529052511588,180,1,2024-01-25,97.2
2412430,Agility,26.36711111111111,40.166444444444444,0.179643,11.337750878950104,0.6564462320676739,180,1,2024-01-25,93.0
2412559,Agility,112.21863888888889,57.42533333333333,0.424878,14.169478392746592,1.95416608620276,180,1,2024-01-25,88.4
2412221,Agility,98.68241666666667,74.75288888888889,0.305405,17.80800912866367,1.3201150903123773,180,1,2024-01-25,84.1
2412535,Agility,14.23161111111111,25.305444444444444,0.13735,6.17343076358409,0.5623932487080074,180,1,2024-01-25,92.0
2412431,Agility,30.55963888888889,44.34122222222222,0.236135,11.291316472174984,0.6891925246384729,180,1,2024-01-25,92.5
2412573,Agility,49.184455445544565,45.05485148514852,0.253391,11.878896968673132,1.0916572538643767,101,0,2024-01-25,87.0
2412565,Agility,40.309,52.50844444444445,0.161166,13.341257448418524,0.767666999593716,180,1,2024-01-25,88.6
2412590,Agility,32.930083333333336,42.96822222222222,0.141747,10.447790821228567,0.7663822618265697,180,1,2024-01-25,88.2
2412528,Agility,21.13539007092198,46.871205673758865,0.143125,13.818168773488635,0.4509248219052056,141,0,2024-01-25,85.9
2412457,Agility,61.745444444444445,77.74955555555556,0.16321,20.63595638008328,0.794158165963078,180,1,2024-01-25,84.7
2412401,TrueBeam,40.78442622950821,36.215409836065575,0.313647,9.525292151265674,1.1261622169713106,61,0,2024-01-25,95.2
2412456,Agility,54.973222222222226,78.82055555555556,0.126388,20.267287588260686,0.6974477892822657,180,1,2024-01-25,82.2
2412525,Agility,95.00005555555555,46.20744444444445,0.433108,11.603094175341871,2.0559469734314093,180,1,2024-01-25,94.9
2412572,Agility,39.95232673267328,39.93663366336634,0.170567,9.99985744976968,1.0003929492264978,101,0,2024-01-25,84.2
2434228,TrueBeam,14.601043956043958,102.65428571428568,0.10258,4.804751789896853,0.14223511326826205,91,0,2024-04-23,100.0
2434160,Agility,23.423125,31.9925,0.610242,5.146526416982581,0.7321442525591936,16,0,2024-04-23,98.9
2434224,Agility,159.95380555555553,106.75755555555556,0.233609,26.84659959644882,1.4982902589252072,180,1,2024-04-23,85.5
2434048,TrueBeam,46.325277777777785,69.09844444444445,0.138375,15.37751605508639,0.6704243221426436,180,1,2024-04-23,96.6
2434336,Agility,56.92622222222222,76.30822222222221,0.147757,20.935338635664493,0.7460037799916713,180,1,2024-04-23,78.4
2434161,TrueBeam,20.66225,22.787111111111113,0.452831,5.737923395465145,0.9067516237249127,180,1,2024-04-23,97.3
2434194,Agility,45.9505,74.65966666666665,0.13906,21.957680056580536,0.6154661820974289,180,1,2024-04-23,84.6
2434234,TrueBeam,13.78527777777778,27.57377777777777,0.096685,8.65861464547833,0.49994157089666535,180,1,2024-04-23,97.5
2434193,Agility,47.73150000000001,73.73844444444444,0.173665,21.8025428344897,0.6473082034699225,180,1,2024-04-23,88.5
2434243,Agility,15.073999999999998,36.32822222222222,0.08567,12.635154535531186,0.41493910458351935,180,1,2024-04-23,74.7
2433882,Agility,74.85950000000001,78.41133333333332,0.208236,18.829208715952298,0.9547025515019091,180,1,2024-04-23,89.1
2433883,Agility,84.42275,75.28099999999999,0.224025,19.25670991337257,1.1214350234454908,180,1,2024-04-23,88.1
2434223,Agility,118.33591666666666,73.92999999999999,0.2234,16.107321194484896,1.6006481356237883,180,1,2024-04-23,94.2
2434220,TrueBeam,8.489833333333333,21.23911111111111,0.13631,6.864391739991911,0.3997263957478865,180,1,2024-04-23,91.8
2434172,Agility,109.35969444444444,84.38499999999999,0.335272,20.10015004199098,1.2959613017058063,180,1,2024-04-23,89.8
2434037,TrueBeam,69.90727777777778,79.21844444444444,0.215771,17.063635222766965,0.8824621370444032,180,1,2024-04-23,98.0
2434304,Agility,83.14666666666666,50.606666666666655,0.672448,13.259062404519401,1.6429982874456597,21,0,2024-04-23,92.1
2434168,TrueBeam,88.39047222222221,66.15455555555556,0.250829,17.440983997758607,1.3361207173101373,180,1,2024-04-23,91.6
2434169,TrueBeam,73.13075,67.9091111111111,0.261777,16.70955480131565,1.0768915805766532,180,1,2024-04-23,97.4
2434240,Agility,175.79955555555551,129.1617777777778,0.205733,25.994676840862233,1.361080333363155,180,1,2024-04-23,87.7
2434036,TrueBeam,67.98514084507043,72.33718309859155,0.28602,14.918078805450094,0.9398367192763156,71,0,2024-04-23,98.4
2434302,Agility,99.41309523809525,46.97619047619047,0.717808,12.787983335725304,2.1162442980233154,21,0,2024-04-23,95.3
2433799,TrueBeam,32.14083333333333,51.26777777777778,0.221566,13.269313378582051,0.6269207429401183,180,1,2024-04-23,97.9
2434162,Agility,20.171435643564354,30.426732673267328,0.179077,7.5529485759141455,0.6629510917314763,101,0,2024-04-23,86.2
2434174,Agility,97.34897222222222,86.82588888888888,0.29553,18.464662633513303,1.1211975306904112,180,1,2024-04-23,89.3
2434031,TrueBeam,54.03399999999999,110.23577777777778,0.190539,17.69983846781257,0.490167539879168,180,1,2024-04-23,95.1
2434030,TrueBeam,57.12555555555556,75.52388888888889,0.189142,16.62116874464538,0.7563905460376775,180,1,2024-04-23,95.3
2434231,TrueBeam,12.159945054945055,94.19956043956046,0.108582,4.758672138442425,0.12908706790353888,91,0,2024-04-23,100.0
2433798,TrueBeam,22.65319444444444,40.531555555555556,0.187832,11.488906692758114,0.5589026656870915,180,1,2024-04-23,98.6
2434335,Agility,70.25666666666667,80.37833333333333,0.160044,21.08611807061794,0.8740746884525268,180,1,2024-04-23,76.5
2434159,Agility,21.818613861386137,31.177029702970287,0.20388,7.597398004715452,0.6998297807474405,101,0,2024-04-23,89.2
2434303,Agility,78.78723214285716,54.85464285714285,0.472283,13.459520612839015,1.4362910419094626,56,0,2024-04-23,96.4
2434047,TrueBeam,51.1805,124.34722222222223,0.152796,22.090063824017932,0.4115934323690383,180,1,2024-04-23,91.0
2434662,Agility,102.36645161290325,69.81387096774193,0.28984,16.957965802188053,1.4662766896309545,124,0,2024-04-24,87.5
2434675,Agility,17.664774774774774,29.783783783783775,0.147959,9.331368344409128,0.5931004234724744,111,0,2024-04-24,89.5
2434395,Agility,15.897283950617282,23.968395061728394,0.182862,6.6007698071529735,0.6632602604252513,81,0,2024-04-24,94.5
2434577,TrueBeam,26.33186274509804,32.74235294117647,0.290903,8.241045444149913,0.8042141257350915,51,0,2024-04-24,93.9
2434633,Agility,185.14450495049505,97.66198019801982,0.190127,27.233766587989273,1.8957684922535394,101,0,2024-04-24,0.0
2434652,Agility,57.22971074380166,54.797190082644626,0.263714,12.543509198075116,1.0443913393640865,121,0,2024-04-24,94.3
2434653,Agility,56.76086776859505,53.96446280991736,0.251927,12.68295838647137,1.0518193791445243,121,0,2024-04-24,91.7
2434632,Agility,202.30400990099005,100.55168316831681,0.251856,27.264824873401572,2.0119405615751518,101,0,2024-04-24,0.0
2434579,TrueBeam,32.59596153846154,34.63692307692308,0.519696,11.276260140038154,0.9410755529892509,26,0,2024-04-24,93.5
2434578,TrueBeam,31.939464285714287,36.78178571428571,0.286143,9.20673563227998,0.8683500179630835,56,0,2024-04-24,96.1
2434457,TrueBeam,56.775777777777776,47.31955555555556,0.324136,11.92686880243595,1.1998375113882913,180,1,2024-04-24,96.0
2434641,TrueBeam,19.29125,21.890777777777778,0.337327,5.9104640387766985,0.8812500951694524,180,1,2024-04-24,99.1
2421786,TrueBeam,80.95636111111111,83.69822222222223,0.261146,16.259125776226846,0.9672411069397464,180,1,2024-03-05,98.8
2421913,TrueBeam,43.071555555555555,59.725222222222214,0.153479,15.201334969379985,0.7211619137271245,180,1,2024-03-05,98.5
2421883,Agility,71.24730555555557,88.73744444444444,0.200703,17.303325332256147,0.8029001285940924,180,1,2024-03-05,87.6
2421636,Agility,50.001750000000015,47.16777777777778,0.371117,11.234437546367854,1.0600828013474362,180,1,2024-03-05,86.5
2421860,Agility,62.29491666666666,64.47111111111111,0.355299,12.485336387069223,0.966245432924307,180,1,2024-03-05,95.6
2421949,Agility,36.70356060606061,35.82121212121212,0.428929,7.4196274218982134,1.0246320108281874,66,0,2024-03-05,77.4
2421637,Agility,50.30169444444444,51.376000000000005,0.378244,10.895520629683318,0.9790893499775077,180,1,2024-03-05,95.9
2421882,Agility,76.39925000000001,82.6798888888889,0.230307,18.95252009607348,0.9240366796171042,180,1,2024-03-05,90.8
2421885,Agility,24.87225,40.87677777777778,0.240537,7.982386490281385,0.6084689486831697,180,1,2024-03-05,91.3
2421884,Agility,21.642222222222223,35.150888888888886,0.218682,7.7262159321677295,0.615694877322527,180,1,2024-03-05,87.5
2421914,TrueBeam,75.94258333333333,78.61722222222224,0.2916,16.200627571052383,0.9659789698327337,180,1,2024-03-05,99.2
2421797,Agility,20.402083333333334,36.097,0.08245,11.7556925282211,0.5652016326379847,180,1,2024-03-05,82.4
2421868,Agility,5.072799999999999,14.476533333333334,0.139536,4.0,0.3504153848987786,75,0,2024-03-05,88.4
2421517,TrueBeam,6.014083333333334,11.828555555555557,0.281017,3.384357283659944,0.508437679062908,180,1,2024-03-05,72.6
2421916,TrueBeam,51.46123762376238,41.51386138613861,0.258187,10.331487330167526,1.2396157790550695,101,0,2024-03-05,99.6
2421869,Agility,5.821847826086957,15.519130434782609,0.218371,4.0,0.3751400795651931,46,0,2024-03-05,81.8
2421950,Agility,45.70058823529411,34.75411764705882,0.617474,7.569690713431427,1.3149690260993196,17,0,2024-03-05,100.0
2421907,Agility,42.75504310344827,43.134827586206896,0.100555,11.508532473703669,0.991195409741708,116,0,2024-03-05,81.9
2421862,Agility,19.518777777777782,37.79855555555556,0.085519,9.266439595305132,0.5163895151784166,180,1,2024-03-05,87.2
2421859,Agility,60.93308333333334,54.86911111111112,0.362532,12.873823677980143,1.1105170486531586,180,1,2024-03-05,89.0
2421863,Agility,22.49566666666666,38.68166666666667,0.07962,9.693069235297925,0.581558878021457,180,1,2024-03-05,84.1
2431456,Agility,155.67855555555556,103.62622222222221,0.254812,24.52340039770921,1.5023085105014178,180,1,2024-04-12,84.1
2431694,TrueBeam,96.22669444444446,72.68622222222223,0.284297,17.594218022425757,1.3238642964584455,180,1,2024-04-12,98.9
2431600,Agility,64.04919444444444,75.95988888888888,0.223011,18.742378756399926,0.8431975794242282,180,1,2024-04-12,81.9
2431732,Agility,29.970833333333335,55.92700000000001,0.139886,16.883654692054737,0.5358920259147341,180,1,2024-04-12,84.6
2431477,TrueBeam,11.144444444444444,20.725444444444445,0.12775,6.135105819959223,0.5377179955931785,180,1,2024-04-12,97.7
2431733,Agility,133.0809523809524,75.60285714285713,0.625555,19.70033720244416,1.7602635324943632,21,0,2024-04-12,99.0
2431601,Agility,66.33619444444444,85.03155555555554,0.251269,17.946470072793538,0.7801361978036913,180,1,2024-04-12,86.9
2431457,Agility,129.30455555555557,121.9911111111111,0.23013,24.0431385991862,1.0599506339259692,180,1,2024-04-12,90.1
2431630,Agility,28.180027777777777,39.11588888888889,0.209641,9.559282890937261,0.7204240675144797,180,1,2024-04-12,89.0
2431734,Agility,112.00450819672132,83.48229508196721,0.333343,21.69952066809327,1.3416558335722506,61,0,2024-04-12,95.5
2431692,TrueBeam,29.52697222222222,31.572,0.249702,10.420684168632604,0.9352265368751496,180,1,2024-04-12,98.4
2431807,Agility,109.60777777777778,105.04455555555558,0.197842,26.612102966602706,1.0434408256390673,180,1,2024-04-12,84.1
2431693,TrueBeam,64.83041666666668,70.79766666666667,0.245296,17.11281459853507,0.9157140301234035,180,1,2024-04-12,97.6
2431739,Agility,59.658722222222224,36.91988888888889,0.448251,8.188751998501317,1.6158965808853403,180,1,2024-04-12,88.2
2431451,Agility,58.48100000000001,73.93144444444444,0.151724,20.095152717091054,0.7910166024680524,180,1,2024-04-12,79.6
2431719,Agility,79.09816666666667,83.56555555555555,0.23372,20.82796234678573,0.9465403076759432,180,1,2024-04-12,82.8
2431735,Agility,113.49333333333331,70.36666666666667,0.593012,19.506851453544364,1.612884888678351,21,0,2024-04-12,90.9
2431559,Agility,57.0166111111111,71.2851111111111,0.176576,19.380037568603512,0.7998389877269055,180,1,2024-04-12,91.0
2431689,Agility,88.88577777777778,72.19933333333334,0.264251,18.092304631777843,1.2311163230192952,180,1,2024-04-12,87.4
2431631,Agility,28.41594444444445,48.32855555555555,0.220651,9.430143360795714,0.5879742135429481,180,1,2024-04-12,80.5
2431560,Agility,55.90080555555556,74.51855555555555,0.168976,19.510771182725,0.7501595426642432,180,1,2024-04-12,82.5
2431433,Agility,72.32630555555555,58.69611111111111,0.327009,14.74897409325282,1.2322163118889193,180,1,2024-04-12,90.9
2431599,Agility,70.16513888888888,75.43477777777778,0.28535,18.62176250639892,0.9301431111202758,180,1,2024-04-12,83.9
2431720,Agility,86.75011111111111,84.91322222222223,0.247362,21.009135678357495,1.0216325425041775,180,1,2024-04-12,85.7
2431612,Agility,24.322972222222223,42.65277777777778,0.200904,13.583518649617716,0.5702552914360143,180,1,2024-04-12,84.0
2431741,Agility,115.78841666666668,69.88,0.371268,16.269868933952285,1.6569607422247665,180,1,2024-04-12,88.3
2431346,Agility,23.29144444444445,35.54599999999999,0.095104,9.056707800942323,0.6552479728927153,180,1,2024-04-12,88.1
2431413,TrueBeam,49.91983333333333,44.99144444444444,0.299688,13.620325237451452,1.1095405793200188,180,1,2024-04-12,98.1
2431690,TrueBeam,55.79841666666667,47.76044444444445,0.253141,13.353136824560316,1.168297684741441,180,1,2024-04-12,98.0
2431452,Agility,58.43694444444444,74.45811111111111,0.147307,20.376232266695258,0.784829799902406,180,1,2024-04-12,83.3
2431453,Agility,12.226767241379314,24.17258620689655,0.153666,5.693056040890581,0.5058112994914445,116,0,2024-04-12,91.0
2431691,TrueBeam,54.07575000000001,61.65555555555556,0.283142,9.894674244618992,0.8770620832582449,180,1,2024-04-12,98.6
2431347,Agility,22.440805555555556,35.57944444444444,0.0807,9.493083285968403,0.6307238886373219,180,1,2024-04-12,86.8
2431740,Agility,68.71147222222221,45.70877777777777,0.459826,11.600479503059443,1.5032445749539962,180,1,2024-04-12,88.5
2431613,Agility,25.371416666666665,42.94433333333333,0.211016,13.687046267658724,0.5907977769670814,180,1,2024-04-12,87.3
2431737,Agility,111.09614754098362,88.22131147540983,0.345784,20.02608659781133,1.25928923162687,61,0,2024-04-12,97.1
2431432,Agility,72.36997222222223,55.693777777777775,0.329727,16.408884622877807,1.2994265268013185,180,1,2024-04-12,91.4
2431454,Agility,36.899166666666666,42.44177777777778,0.171954,9.924260142654816,0.869406716652355,180,1,2024-04-12,91.5
2431458,Agility,46.494694444444455,51.84611111111111,0.160378,17.72774234976574,0.8967826795109461,180,1,2024-04-12,83.6
2431459,Agility,58.40327777777778,76.79599999999999,0.205528,17.40735086343767,0.7604989553854079,180,1,2024-04-12,88.1
2431731,Agility,22.854805555555554,44.32966666666667,0.106307,12.661169450784454,0.5155645705033248,180,1,2024-04-12,78.9
2431619,Agility,87.20524999999999,50.55033333333334,0.394079,11.879815937808694,1.7251172099095946,180,1,2024-04-12,93.4
2431455,Agility,40.02761111111112,62.05066666666667,0.213201,9.182631965537274,0.6450794691076827,180,1,2024-04-12,90.7
2432153,Agility,91.21397222222222,48.89755555555556,0.354643,12.386190803172585,1.8654096546521297,180,1,2024-04-15,89.2
2431417,Agility,117.62652777777774,74.86533333333334,0.400982,16.621479851581967,1.5711748354081694,180,1,2024-04-15,90.5
2431973,Agility,63.88833333333334,88.60571428571427,0.222065,23.471146367122635,0.7210407799131521,21,0,2024-04-15,91.5
2432220,Agility,100.86880555555557,63.19144444444444,0.393377,17.767128869503935,1.5962414919037917,180,1,2024-04-15,85.2
2431908,TrueBeam,83.91144444444446,65.11611111111112,0.300294,16.338414865621868,1.2886433635642314,180,1,2024-04-15,96.4
2432129,Agility,21.211930693069306,34.812277227722774,0.212226,8.996690292258123,0.6093232727727784,101,0,2024-04-15,88.4
2432187,Agility,63.8852380952381,86.42190476190477,0.354013,22.979587978025844,0.7392250641922793,21,0,2024-04-15,84.5
2431416,Agility,121.43566666666666,71.16555555555556,0.437866,17.180107550261724,1.706382613311683,180,1,2024-04-15,92.8
2432227,TrueBeam,6.0525833333333345,23.06988888888889,0.100145,6.47095210381457,0.2623585818936661,180,1,2024-04-15,77.1
2431974,Agility,96.63360655737708,97.59049180327868,0.268455,25.179459981645735,0.9901948926763227,61,0,2024-04-15,93.7
2431942,TrueBeam,94.32375,53.704333333333324,0.478248,13.768308872837686,1.756352684140945,180,1,2024-04-15,90.9
2432210,Agility,123.73622950819671,102.01409836065572,0.2953,26.404019029323507,1.2129326386902486,61,0,2024-04-15,93.8
2431975,Agility,78.43904761904763,92.77523809523808,0.333859,22.51809604093399,0.8454739565154908,21,0,2024-04-15,87.5
2431888,Agility,51.263083333333334,56.268222222222214,0.235496,14.251271785982219,0.9110485689574145,180,1,2024-04-15,86.8
2431976,Agility,110.00857142857144,94.17904761904761,0.494882,22.36775010545127,1.1680790389127096,21,0,2024-04-15,98.7
2432049,TrueBeam,22.477555555555554,23.533555555555555,0.376284,6.398603332823283,0.9551279024749529,180,1,2024-04-15,100.0
2431887,Agility,47.3055,53.64344444444444,0.216676,13.727926526818461,0.881850531596488,180,1,2024-04-15,83.7
2432028,Agility,25.04321428571428,25.865476190476187,0.297489,6.860493920540995,0.9682100612141574,84,0,2024-04-15,91.7
2432004,TrueBeam,12.089583333333334,20.075222222222223,0.407571,5.176446651882719,0.6022141722521406,180,1,2024-04-15,88.9
2432228,TrueBeam,5.675444444444445,22.14811111111111,0.10956,6.328015673023093,0.2562495923906228,180,1,2024-04-15,83.3
2431873,Agility,155.0366388888889,122.81488888888889,0.292002,29.020214537085632,1.2623602910975324,180,1,2024-04-15,85.1
2431907,TrueBeam,74.12997222222222,65.65433333333334,0.286058,16.19812179320984,1.1290948892262336,180,1,2024-04-15,96.8
2432022,TrueBeam,146.22994444444447,97.32744444444445,0.579844,17.407477243516613,1.5024533447799926,180,1,2024-04-15,98.5
2431874,Agility,162.43316666666666,118.02366666666664,0.299328,28.472546862665467,1.3762762270843987,180,1,2024-04-15,86.5
2432130,Agility,21.815940594059406,46.302574257425746,0.159215,9.645576110925738,0.47116042561198823,101,0,2024-04-15,86.5
2432222,TrueBeam,9.826472222222224,22.68911111111111,0.153062,6.780820441099547,0.4330919873458635,180,1,2024-04-15,87.0
2421513,Agility,66.57891666666667,58.36077777777777,0.260919,16.68782057651027,1.1408161303158326,180,1,2024-03-04,88.6
2421728,Agility,63.388,78.62922222222221,0.162721,21.192886134726827,0.8061633856793418,180,1,2024-03-04,84.1
2421591,TrueBeam,20.521111111111107,35.49011111111111,0.262768,7.3369517329484895,0.5782205371762399,180,1,2024-03-04,99.5
2421437,Agility,21.603361111111113,31.374777777777776,0.165676,7.506879633918738,0.6885582190931854,180,1,2024-03-04,92.9
2421564,TrueBeam,12.812333333333335,34.30766666666667,0.153339,6.501376121747461,0.37345394129592024,180,1,2024-03-04,87.7
2421590,Agility,22.73303278688524,29.381311475409834,0.227985,7.618753440931633,0.7737242364389093,61,0,2024-03-04,96.0
2421729,Agility,63.34858333333334,74.92955555555555,0.149619,21.43169286985541,0.8454418668794098,180,1,2024-03-04,80.4
2421688,TrueBeam,37.76625000000001,41.53044444444444,0.278448,11.317223339129551,0.9093630108033198,180,1,2024-03-04,99.4
2421450,Agility,81.72797297297298,82.37459459459456,0.256418,17.519668179173422,0.9921502299974414,111,0,2024-03-04,92.3
2421515,Agility,150.7976666666667,107.00622222222223,0.312324,23.80057158514987,1.4092420378461896,180,1,2024-03-04,92.6
2421451,Agility,122.98403846153845,65.23,0.496061,16.003509596242438,1.8853907475323999,26,0,2024-03-04,99.6
2421514,Agility,13.327888888888891,18.717222222222222,0.174931,4.726912221106298,0.7120655367902409,180,1,2024-03-04,95.3
2421488,TrueBeam,89.5286388888889,53.43244444444444,0.357972,14.45676753281039,1.67554825199837,180,1,2024-03-04,98.2
2421689,TrueBeam,33.01636111111111,49.738,0.225424,10.56589566330326,0.6638055633743035,180,1,2024-03-04,100.0
2421518,Agility,32.62686111111111,34.68277777777777,0.20287,8.906048319800558,0.9407222604879144,180,1,2024-03-04,88.0
2421487,Agility,127.33286111111111,76.45055555555555,0.319378,20.451619704928973,1.6655583492598702,180,1,2024-03-04,87.5
2421516,Agility,148.98413888888888,109.26822222222222,0.333732,22.03753310937693,1.3634717931613745,180,1,2024-03-04,91.7
2421449,Agility,64.66063063063064,74.18972972972975,0.191937,17.72145466714355,0.8715577057119194,111,0,2024-03-04,91.6
2421561,Agility,14.507333333333332,26.411222222222218,0.17389,6.932301353791142,0.5492867089326507,180,1,2024-03-04,90.9
2421439,Agility,9.815722222222222,27.396999999999995,0.19085,4.582051942088828,0.3582772647451262,180,1,2024-03-04,89.2
2421696,TrueBeam,50.695,106.9338888888889,0.245517,9.145354477689168,0.4740779609415994,180,1,2024-03-04,89.7
2421635,TrueBeam,5.444583333333333,15.335666666666667,0.124031,4.7333352967007425,0.3550274958158541,180,1,2024-03-04,95.5
2421619,TrueBeam,4.506055555555555,11.49322222222222,0.174363,3.2937706178740616,0.3920619882249442,180,1,2024-03-04,87.9
2421438,Agility,25.80683333333333,46.84644444444444,0.266858,6.807635215093945,0.5508813665450716,180,1,2024-03-04,98.9
2434838,Agility,38.00850931677019,40.98521739130434,0.22193,9.601551146926873,0.9273711776098641,161,0,2024-04-25,89.9
2434855,TrueBeam,35.638861111111105,47.90022222222222,0.266668,8.8462089190547,0.7440228762566631,180,1,2024-04-25,98.5
2434854,TrueBeam,24.683194444444442,38.818666666666665,0.204663,11.59783508735492,0.6358588937739003,180,1,2024-04-25,88.2
2434897,TrueBeam,9.485638888888891,27.29177777777778,0.151777,8.18801085141084,0.3475639793832901,180,1,2024-04-25,92.1
2434886,Agility,39.98905555555556,42.16433333333333,0.267701,11.168173295838379,0.948409529908111,180,1,2024-04-25,91.2
2434900,TrueBeam,41.50186111111111,47.42333333333334,0.270336,12.713853783157091,0.8751358918488319,180,1,2024-04-25,90.2
2434805,Agility,76.8898888888889,91.48455555555556,0.175935,23.417981364046565,0.8404685186692108,180,1,2024-04-25,80.2
2434901,TrueBeam,37.60583333333333,59.31055555555555,0.192113,13.821246761657584,0.634049588325106,180,1,2024-04-25,84.6
2434887,Agility,45.806638888888884,56.60855555555555,0.304027,11.616003143409063,0.8091822594543032,180,1,2024-04-25,94.0
2434781,Agility,32.98308333333333,31.863999999999997,0.109659,7.949945263372735,1.0351206167880158,180,1,2024-04-25,77.2
2434851,Agility,31.691388888888888,47.64177777777778,0.206639,14.075716272550972,0.6652016437487172,180,1,2024-04-25,89.5
2434943,Agility,37.854683544303796,40.50683544303798,0.304917,10.374193644113879,0.9345258184272696,79,0,2024-04-25,85.4
2434884,Agility,82.63619444444446,69.84200000000001,0.332686,16.080438698002716,1.1831876871287255,180,1,2024-04-25,92.5
2434938,TrueBeam,8.89777777777778,29.452666666666666,0.1338,10.390010111218286,0.30210431803949095,180,1,2024-04-25,93.9
2434807,Agility,85.87147222222222,94.57588888888887,0.208974,23.55917366729777,0.9079636811355491,180,1,2024-04-25,86.3
2434935,TrueBeam,10.24625,20.588444444444445,0.149788,6.456041435886349,0.4976699443053277,180,1,2024-04-25,96.5
2434898,TrueBeam,9.099527777777778,17.086444444444442,0.191637,4.990594852549416,0.5325582983261586,180,1,2024-04-25,93.4
2434837,Agility,34.26841614906832,36.629316770186335,0.217739,9.2468272739439,0.9355461463851377,161,0,2024-04-25,93.5
2434883,Agility,88.99808333333333,69.851,0.395127,17.343163548676316,1.2741132314975208,180,1,2024-04-25,92.5
2434944,Agility,76.25469696969697,43.41030303030303,0.64555,11.045730921227591,1.7566036550462816,33,0,2024-04-25,98.8
2433938,TrueBeam,39.83208333333334,42.635333333333335,0.299475,10.402777760084517,0.9342505433677858,180,1,2024-04-22,89.7
2433579,Agility,99.61333333333332,83.82955555555556,0.200411,22.41797527049,1.1882841638987043,180,1,2024-04-22,85.0
2433871,Agility,73.71852777777778,92.29933333333334,0.196643,19.948103859150038,0.7986897100496693,180,1,2024-04-22,89.1
2433735,Agility,49.06491666666666,70.67722222222221,0.154467,19.845887292832753,0.6942111634268466,180,1,2024-04-22,88.3
2433734,Agility,56.20936111111111,72.13655555555555,0.171751,19.89730918105387,0.7792077217745973,180,1,2024-04-22,87.0
2433688,TrueBeam,122.1101388888889,73.52144444444444,0.415239,16.46679568697595,1.6608778542314944,180,1,2024-04-22,97.4
2433870,Agility,77.22905555555555,83.76466666666667,0.212509,21.192366412323615,0.9219765162187185,180,1,2024-04-22,83.5
2433915,Agility,44.71633333333333,43.74433333333333,0.268094,10.565936278158727,1.0222200208788947,180,1,2024-04-22,92.2
2433997,TrueBeam,63.52433962264152,45.550000000000004,0.503652,11.137115010426076,1.394606797423524,106,0,2024-04-22,94.5
2433578,Agility,168.23519444444443,97.89944444444446,0.390039,25.85653748338776,1.7184489186750573,180,1,2024-04-22,92.9
2433939,TrueBeam,38.458861111111105,48.42177777777778,0.300025,9.19860714683697,0.7942471936410613,180,1,2024-04-22,94.5
2433877,Agility,21.079,34.96955555555556,0.302107,8.07687545405739,0.6027814670538818,180,1,2024-04-22,85.8
2433709,Agility,67.98478021978023,77.72879120879121,0.277744,15.579868055733913,0.8746409041298855,91,0,2024-04-22,91.3
2434014,TrueBeam,57.84688679245283,49.359433962264156,0.469902,13.500317547305485,1.1719519886852314,106,0,2024-04-22,97.5
2433876,Agility,20.917166666666667,32.968222222222224,0.336895,8.12717782649107,0.6344645011694763,180,1,2024-04-22,94.2
2433906,Agility,54.137194444444454,77.39577777777778,0.233629,18.883640426342524,0.6994851140314862,180,1,2024-04-22,78.2
2433711,Agility,44.39919444444445,37.468777777777774,0.284969,9.572541260161193,1.184965111692995,180,1,2024-04-22,97.4
2433879,Agility,96.32929577464789,53.996619718309866,0.544165,12.970317547305484,1.7839875213889236,71,0,2024-04-22,91.4
2433878,Agility,65.26408450704226,54.539154929577464,0.362933,12.953579246945855,1.1966464201968867,71,0,2024-04-22,90.9
2433710,Agility,34.68,44.291208791208796,0.094006,8.107425014171042,0.7829996278377371,91,0,2024-04-22,90.1
2433907,Agility,68.21380555555555,75.18422222222222,0.290396,18.845501907815226,0.9072888371969297,180,1,2024-04-22,85.3
2433916,Agility,49.80425000000002,52.868,0.324308,10.33790883942876,0.942049065597337,180,1,2024-04-22,96.5
2433687,TrueBeam,95.76338888888891,70.24411111111111,0.335798,17.023256633946367,1.363294194689314,180,1,2024-04-22,96.8
2428437,TrueBeam,76.41344444444445,82.29911111111112,0.274,16.233244968788313,0.9284844442764334,180,1,2024-03-28,97.9
2428381,Agility,8.47225,17.44788888888889,0.121521,4.494193074009244,0.48557450439722094,180,1,2024-03-28,87.0
2428417,TrueBeam,54.85705555555556,108.8448888888889,0.221635,18.109364131896406,0.5039929400043283,180,1,2024-03-28,93.9
2428378,Agility,4.483138888888888,12.592444444444444,0.109377,3.4697675685437757,0.3560181590371651,180,1,2024-03-28,88.9
2428436,TrueBeam,52.607194444444445,71.06677777777779,0.208422,17.30922929838566,0.7402501715913514,180,1,2024-03-28,95.7
2428368,TrueBeam,23.85923076923077,40.82857142857142,0.141919,13.106919462503104,0.5843758410938258,91,0,2024-03-28,97.1
2428352,Agility,22.65886111111111,38.034888888888894,0.1331,10.327011399255188,0.5957388538008962,180,1,2024-03-28,89.1
2428313,Agility,93.06673076923077,105.9346153846154,0.379023,28.33489766282877,0.8785299350107104,26,0,2024-03-28,80.0
2428312,Agility,90.71959183673468,73.49469387755101,0.304502,23.069367427724227,1.2343692728060334,49,0,2024-03-28,90.5
2428353,Agility,7.418944444444444,16.967444444444443,0.295246,4.153481053042994,0.43724583679857504,180,1,2024-03-28,92.2
2428056,Agility,65.03133333333334,104.73277777777778,0.110405,19.01709859163623,0.62092627268339,180,1,2024-03-28,89.2
2428390,TrueBeam,29.59975,37.10022222222222,0.248015,10.996923705288902,0.7978321483549066,180,1,2024-03-28,97.9
2428369,TrueBeam,20.411648351648346,47.25978021978023,0.144037,12.502919357314225,0.43190315859965006,91,0,2024-03-28,97.7
2428311,Agility,144.71444444444444,105.09777777777776,0.407654,28.37760397677512,1.3769505645536433,18,0,2024-03-28,90.3
2428055,Agility,76.54047222222222,96.37122222222222,0.100772,22.285146445629074,0.7942253969315414,180,1,2024-03-28,58.3
2428281,TrueBeam,23.074944444444444,28.756555555555558,0.249675,8.069545662988386,0.8024237951539551,180,1,2024-03-28,95.2
2428171,TrueBeam,14.81970297029703,18.37148514851485,0.283709,4.777462551899939,0.8066687505389325,101,0,2024-03-28,99.4
2428327,Agility,88.06147222222222,87.78422222222223,0.257451,22.063059979981418,1.003158312427695,180,1,2024-03-28,83.1
2428326,Agility,77.57797222222223,86.39222222222223,0.235019,22.02423712321604,0.8979740331562769,180,1,2024-03-28,84.9
2428131,Agility,16.291359223300972,23.887766990291258,0.281054,5.835537827342522,0.6819959031717906,103,0,2024-03-28,94.5
2428170,TrueBeam,41.37257425742573,31.830693069306932,0.440908,8.660269125252162,1.2997698217673952,101,0,2024-03-28,97.4
2427943,TrueBeam,45.841972222222225,47.354000000000006,0.402338,10.794993033105705,0.9680696925755421,180,1,2024-03-28,96.7
2428439,TrueBeam,38.312887323943656,64.26056338028168,0.162888,15.675466768413258,0.596211506849315,71,0,2024-03-28,96.1
2428511,TrueBeam,71.39116666666666,45.96833333333333,0.400905,10.97252009731956,1.5530510133787754,180,1,2024-03-28,98.0
2428341,TrueBeam,32.724423076923074,34.265641025641024,0.265082,9.137661219362574,0.9550214762489149,78,0,2024-03-28,97.2
2428438,TrueBeam,62.23488888888889,78.75077777777777,0.223874,15.985351856856632,0.7902764981509883,180,1,2024-03-28,96.9
2428418,TrueBeam,50.37218309859154,61.34366197183098,0.205469,14.205140271288238,0.8211473113835698,71,0,2024-03-28,96.9
2428137,TrueBeam,28.168833333333332,35.474222222222224,0.309149,9.524148544458162,0.7940648608692383,180,1,2024-03-28,97.0
2427942,TrueBeam,45.51722222222222,42.86344444444445,0.35569,10.897441999677909,1.0619123780688542,180,1,2024-03-28,98.3
2425403,TrueBeam,19.14755555555556,37.08566666666667,0.203498,6.202517712319937,0.5163060901036939,180,1,2024-03-19,98.9
2425614,Agility,61.41969444444445,62.266666666666666,0.251758,16.74011517358744,0.9863976623840116,180,1,2024-03-19,91.5
2425585,TrueBeam,33.03627777777777,36.48533333333333,0.310097,9.100464273870866,0.9054673415192709,180,1,2024-03-19,98.9
2425531,TrueBeam,22.30752777777778,32.08422222222222,0.233586,9.133435036745166,0.6952803039223155,180,1,2024-03-19,94.8
2425526,TrueBeam,14.474527777777778,30.083111111111105,0.141351,9.64248165774556,0.4811512919763028,180,1,2024-03-19,86.1
2425530,Agility,34.27852777777778,57.45477777777778,0.120358,15.531221734922877,0.5966175330163047,180,1,2024-03-19,87.3
2425615,Agility,59.262111111111125,61.77144444444445,0.259511,16.30271098736418,0.9593771303892666,180,1,2024-03-19,89.2
2425394,Agility,137.64991666666668,91.36766666666666,0.441842,17.766969728874898,1.5065495452439415,180,1,2024-03-19,91.1
2425681,Agility,54.73172222222224,52.079888888888895,0.33938,14.323741118610926,1.0509185674145918,180,1,2024-03-19,89.4
2425327,Agility,17.643805555555556,26.954111111111114,0.197929,7.263589731522369,0.6545868080317576,180,1,2024-03-19,88.3
2425560,TrueBeam,40.57244444444444,42.94266666666666,0.255705,10.543275785044335,0.9448049595843555,180,1,2024-03-19,95.8
2425521,Agility,53.060305555555566,42.760444444444445,0.418407,12.347359440308693,1.2408735747471704,180,1,2024-03-19,89.4
2425393,Agility,131.37163888888887,78.86933333333333,0.42632,18.17553217270925,1.6656871985168151,180,1,2024-03-19,87.2
2425540,TrueBeam,20.27602777777778,40.55066666666667,0.191404,11.730054752889195,0.5000171253520973,180,1,2024-03-19,90.8
2425541,TrueBeam,18.33561111111111,38.14266666666667,0.198322,8.274102037330007,0.4807113060905838,180,1,2024-03-19,94.8
2425392,Agility,50.16402777777778,70.01122222222223,0.160335,18.956894158320626,0.7165140985334097,180,1,2024-03-19,82.6
2425500,Agility,102.71130555555554,108.22,0.276427,18.79569217291064,0.9490972607240393,180,1,2024-03-19,84.4
2425536,TrueBeam,108.6850495049505,69.62178217821781,0.30321,19.273490812716005,1.5610782445462046,101,0,2024-03-19,86.3
2425574,TrueBeam,8.751000000000001,21.406222222222222,0.085717,6.680683217068873,0.40880636990283203,180,1,2024-03-19,96.3
2425535,TrueBeam,107.26638613861385,72.65920792079208,0.279152,20.059236907915086,1.4762944602361763,101,0,2024-03-19,94.3
2425539,TrueBeam,20.679250000000003,33.66277777777778,0.224798,9.864223221662186,0.6143061079662668,180,1,2024-03-19,87.0
2425391,Agility,59.12658333333333,70.53677777777779,0.210518,18.223038245899332,0.8382376569512199,180,1,2024-03-19,84.6
2425503,Agility,39.875677083333336,44.348749999999995,0.153099,11.885045282373552,0.8991386923720136,96,0,2024-03-19,94.1
2425529,Agility,30.480861111111114,56.43288888888889,0.114443,15.455396238732412,0.5401258328476697,180,1,2024-03-19,79.0
2425354,Agility,85.58330555555555,92.6918888888889,0.234646,22.516524096967494,0.9233095428462516,180,1,2024-03-19,81.4
2425401,TrueBeam,19.74533333333333,33.532000000000004,0.213106,9.152244474126348,0.5888504513101911,180,1,2024-03-19,97.6
2425682,Agility,53.3766111111111,57.83088888888889,0.308891,12.635998179803607,0.9229775321915622,180,1,2024-03-19,87.8
2425505,Agility,38.01802083333334,72.51708333333333,0.158628,10.817400944565318,0.5242629610264249,96,0,2024-03-19,83.1
2425525,TrueBeam,17.683416666666666,40.49666666666666,0.175876,7.650775281344606,0.4366635114001153,180,1,2024-03-19,90.4
2425499,Agility,84.39080555555556,87.23788888888889,0.232456,19.184959323525234,0.9673641422368722,180,1,2024-03-19,90.9
2425498,Agility,84.09861111111111,86.25355555555555,0.227986,19.399779130960326,0.9750161668053621,180,1,2024-03-19,87.9
2425532,TrueBeam,23.924555555555557,42.565111111111115,0.258905,6.8326221521983355,0.562069613611565,180,1,2024-03-19,96.8
2425355,Agility,86.56111111111112,91.03122222222221,0.229657,22.640757238616704,0.9508947479558297,180,1,2024-03-19,79.5
2425569,TrueBeam,20.921055555555554,29.717000000000002,0.140169,8.647740834764186,0.7040096764665192,180,1,2024-03-19,89.4
2425590,TrueBeam,39.98416666666667,39.63033333333334,0.355829,9.135819612930193,1.0089283461321714,180,1,2024-03-19,99.8
2427582,Agility,104.75702777777778,58.69044444444444,0.33152,13.853902628015176,1.7849077267925502,180,1,2024-03-26,92.1
2427490,Agility,95.4523611111111,74.60799999999999,0.24575,18.446263468869716,1.2793850674339362,180,1,2024-03-26,89.5
2427760,Agility,54.31441666666667,56.672,0.251218,14.27122279312917,0.9583995035761341,180,1,2024-03-26,87.5
2427761,Agility,60.25541666666666,63.84466666666667,0.32403,11.360304468354581,0.9437815218185804,180,1,2024-03-26,92.3
2427385,TrueBeam,27.86736263736264,26.045714285714283,0.346977,6.430378050838296,1.0699404259628045,91,0,2024-03-26,95.4
2427479,Agility,45.182944444444445,67.17022222222224,0.14489,18.78781201739017,0.672663316416666,180,1,2024-03-26,86.2
2427438,TrueBeam,10.550583333333334,18.672666666666665,0.196186,4.348218239624717,0.5650282052197508,180,1,2024-03-26,98.0
2427382,TrueBeam,52.93619718309859,63.39605633802817,0.206025,14.201654041578333,0.8350077314090716,71,0,2024-03-26,94.1
2427678,TrueBeam,34.04080555555555,49.54011111111111,0.281658,8.359301820359306,0.6871362375269422,180,1,2024-03-26,99.8
2427478,Agility,45.412111111111116,65.44611111111111,0.144318,18.491915991518866,0.6938855546972489,180,1,2024-03-26,86.9
2427379,Agility,39.407250000000005,71.718,0.120254,21.898414151512128,0.5494750271898269,180,1,2024-03-26,79.9
2427380,TrueBeam,56.100611111111114,74.86855555555556,0.215705,17.80156690958201,0.7493214032890235,180,1,2024-03-26,93.8
2427441,Agility,98.66294444444445,78.55444444444444,0.256469,23.284387124981006,1.2559816970537065,180,1,2024-03-26,84.9
2427768,TrueBeam,11.602666666666666,16.741777777777774,0.335165,4.420164252126693,0.6930367145398074,180,1,2024-03-26,88.8
2427752,Agility,89.60268595041323,79.38495867768593,0.263724,18.546824109449886,1.128711124159083,121,0,2024-03-26,85.6
2427753,Agility,73.62140495867769,82.66661157024792,0.22673,18.8033937586588,0.8905821051600276,121,0,2024-03-26,88.0
2427293,Agility,105.81322580645158,66.78145161290323,0.320083,17.64344799814139,1.5844702870460936,124,0,2024-03-26,87.6
2427440,Agility,111.62494444444444,95.94200000000001,0.30636,24.42299175817589,1.1634627633825063,180,1,2024-03-26,86.1
2427381,TrueBeam,59.16513888888889,113.1051111111111,0.231743,18.685621770569146,0.5230987203643416,180,1,2024-03-26,93.7
2427378,Agility,48.005388888888895,76.933,0.152922,21.720616436306905,0.6239895609021991,180,1,2024-03-26,84.4
2427677,TrueBeam,27.84911111111111,36.77155555555555,0.218595,9.998433351063522,0.7573547186230903,180,1,2024-03-26,97.3
2427715,Agility,105.85852459016392,58.57442622950819,0.561326,12.74369644864959,1.8072481696258649,61,0,2024-03-26,97.7
2427523,Agility,8.610583333333333,23.117666666666665,0.068383,5.405766900826784,0.37246766542182747,180,1,2024-03-26,59.4
2427489,Agility,126.06049999999999,78.0461111111111,0.350167,18.420381564359467,1.6152053985179702,180,1,2024-03-26,90.3
2427743,Agility,48.4815,77.40444444444445,0.09811,23.43366483925513,0.6263400034451079,180,1,2024-03-26,56.5
2427714,Agility,71.64809917355373,56.05157024793388,0.315542,12.703875764730807,1.2782532024817763,121,0,2024-03-26,85.1
2427651,Agility,54.617280701754396,63.80263157894736,0.146213,20.542199821059626,0.8560349212896132,114,0,2024-03-26,89.0
2430461,Agility,94.2343611111111,74.32422222222223,0.251852,17.89235783743417,1.2678822366867086,180,1,2024-04-09,89.6
2430621,TrueBeam,35.931472222222226,31.96044444444444,0.530364,9.041178658236172,1.1242482026393739,180,1,2024-04-09,98.5
2430637,Agility,41.588138888888885,68.38000000000001,0.145714,20.16880159895583,0.6081915602352863,180,1,2024-04-09,82.1
2430375,Agility,126.83669444444446,108.74844444444444,0.233579,24.735632014693277,1.1663311148256528,180,1,2024-04-09,76.1
2430636,Agility,42.629472222222226,68.54366666666667,0.126104,20.096895831946007,0.6219315991590114,180,1,2024-04-09,82.6
2430159,Agility,137.65866666666668,105.34644444444444,0.225844,27.445500291832822,1.3067234247213955,180,1,2024-04-09,91.0
2430620,Agility,114.38052777777779,100.59844444444445,0.212397,27.21310276868669,1.137000958707115,180,1,2024-04-09,74.7
2430460,Agility,96.90286111111111,73.85811111111113,0.289502,17.468425391522704,1.3120138012375075,180,1,2024-04-09,87.6
2430572,Agility,28.62921487603306,39.410082644628105,0.13419,9.00017652196803,0.7264439187857283,121,0,2024-04-09,88.6
2430277,Agility,22.98602777777778,40.184000000000005,0.118066,11.447697864549102,0.5720194051806137,180,1,2024-04-09,84.1
2430607,Agility,202.65288888888887,117.55855555555556,0.288243,25.248810335766755,1.7238463668696544,180,1,2024-04-09,93.5
2430555,Agility,111.60316666666667,92.7412222222222,0.307464,21.782506710073516,1.2033825303622627,180,1,2024-04-09,88.4
2430606,Agility,158.94236111111113,103.75077777777777,0.211513,26.1456978973615,1.5319630803303217,180,1,2024-04-09,85.2
2430610,TrueBeam,14.124305555555553,24.67566666666667,0.315853,5.350370945548292,0.5723981340141658,180,1,2024-04-09,91.5
2430276,Agility,31.786305555555554,58.14533333333333,0.055352,15.765396074748118,0.5466699343407706,180,1,2024-04-09,68.0
2430275,Agility,33.84191666666667,56.98877777777778,0.058754,14.99773221199081,0.5938347510913455,180,1,2024-04-09,67.4
2430609,TrueBeam,15.322416666666669,21.683777777777777,0.370757,5.56985160043855,0.7066304047060271,180,1,2024-04-09,88.4
2430598,TrueBeam,21.825465116279062,22.535813953488375,0.36207,5.764941675716919,0.9684791133492937,86,0,2024-04-09,95.9
2430392,Agility,57.248018867924536,74.11264150943396,0.131917,19.004396317361106,0.7724460726533046,106,0,2024-04-09,66.7
2430557,Agility,38.57302197802197,32.5989010989011,0.197817,7.782606237297232,1.1832614191808526,91,0,2024-04-09,85.1
2430613,Agility,37.40811111111112,36.73677777777778,0.36952,10.505596540375926,1.0182741485220685,180,1,2024-04-09,84.9
2430612,TrueBeam,22.844,35.03955555555555,0.327978,6.811512621618711,0.651948908535116,180,1,2024-04-09,98.1
2430556,Agility,84.93872222222222,89.8838888888889,0.222901,21.968856422547333,0.9449827246262151,180,1,2024-04-09,81.4
2430278,Agility,26.190138888888885,51.63566666666666,0.163858,11.418978813017567,0.5072102401225682,180,1,2024-04-09,89.8
2430393,Agility,55.56801886792453,72.87132075471699,0.116963,20.075978453686567,0.7625499070473152,106,0,2024-04-09,70.7
2430274,Agility,61.72927777777778,46.138555555555556,0.29015,13.293110531046226,1.3379109301211087,180,1,2024-04-09,93.2
2430615,TrueBeam,22.032777777777774,26.006444444444444,0.243639,7.230441168799553,0.8472045390458773,180,1,2024-04-09,94.8
2430571,Agility,27.800702479338845,38.12677685950414,0.12364,8.823250364190283,0.7291647699931069,121,0,2024-04-09,91.6
2430160,Agility,152.82594444444445,125.78566666666666,0.231992,25.202494972447827,1.2149710574690105,180,1,2024-04-09,94.8
2430376,Agility,148.22927777777778,117.84033333333335,0.236051,24.899096110307156,1.2578823700242228,180,1,2024-04-09,91.4
2430614,Agility,40.969638888888895,39.001000000000005,0.388523,10.516828629435054,1.0504766259554599,180,1,2024-04-09,92.2
2426501,TrueBeam,105.31505555555555,68.17011111111111,0.315255,17.542454213405257,1.5448860774761175,180,1,2024-03-21,90.7
2426274,TrueBeam,43.151277777777786,35.52855555555556,0.336501,10.32648061119852,1.2145519879158235,180,1,2024-03-21,95.5
2426577,TrueBeam,20.656611111111108,29.931,0.1918,6.9964753270101046,0.6901410280682606,180,1,2024-03-21,91.0
2426347,Agility,78.99638888888889,79.75333333333333,0.26223,20.657141777018065,0.9905089303129093,180,1,2024-03-21,86.0
2426527,Agility,55.687194444444444,56.343555555555554,0.258823,12.399702222541478,0.9883507332002871,180,1,2024-03-21,93.9
2426268,TrueBeam,58.57658333333333,52.90511111111111,0.264269,12.543509198075116,1.1072008375582278,180,1,2024-03-21,96.3
2426287,Agility,15.84688888888889,25.971000000000004,0.337742,5.566226582252258,0.6101763077620764,180,1,2024-03-21,94.4
2425935,Agility,81.74533333333335,89.69033333333333,0.167269,22.088413670702025,0.9114174325735589,180,1,2024-03-21,84.2
2426270,TrueBeam,98.36596153846155,47.78076923076924,0.683138,11.337965164408862,2.0586935522820573,26,0,2024-03-21,95.7
2426315,TrueBeam,14.372833333333334,23.66644444444445,0.268634,5.56364651833932,0.6073085193288199,180,1,2024-03-21,99.4
2426528,Agility,60.72425000000001,64.48422222222221,0.306229,12.005329242033616,0.9416915938093386,180,1,2024-03-21,98.6
2426343,TrueBeam,99.89855555555555,74.72099999999999,0.322199,17.243783610340177,1.3369542104034415,180,1,2024-03-21,0.0
2425934,Agility,92.8626388888889,87.54377777777778,0.170588,22.707657502167137,1.060756586545906,180,1,2024-03-21,82.2
2426344,TrueBeam,105.22308333333332,78.6361111111111,0.347344,17.437897894167065,1.338101310537285,180,1,2024-03-21,0.0
2426578,TrueBeam,9.989416666666667,20.38511111111111,0.145981,5.693553954031092,0.49003493835370043,180,1,2024-03-21,95.3
2426313,TrueBeam,14.601,22.38266666666667,0.266822,5.212807766167498,0.6523351402871269,180,1,2024-03-21,99.4
2426348,Agility,82.06588888888889,78.51022222222223,0.266605,20.613142539350637,1.0452892192382592,180,1,2024-03-21,85.1
2426173,Agility,37.73147222222223,48.45933333333333,0.348142,9.579757887077283,0.7786213640761785,180,1,2024-03-21,93.0
2426172,Agility,36.914166666666674,36.01,0.318523,9.007001394316179,1.0251087660834957,180,1,2024-03-21,95.1
2426502,TrueBeam,112.80877777777776,72.58888888888889,0.350657,16.86020063553178,1.55407775906934,180,1,2024-03-21,93.5
2426345,TrueBeam,110.08158333333333,86.11177777777779,0.325775,13.55065932744538,1.2783568772370792,180,1,2024-03-21,0.0
2429932,Agility,101.48308333333333,78.91366666666666,0.19615,21.525712192449202,1.2860013685842335,180,1,2024-04-08,89.5
2430343,Agility,63.38087912087913,62.29868131868131,0.252326,16.16310542832941,1.0173711189272525,91,0,2024-04-08,90.3
2430284,Agility,52.85505555555555,89.14144444444446,0.14745,17.6916765907673,0.5929346992856545,180,1,2024-04-08,85.3
2430363,Agility,123.76855555555554,67.09488888888887,0.354441,16.48750121058415,1.8446793430200017,180,1,2024-04-08,96.0
2430267,TrueBeam,58.39483333333333,56.415000000000006,0.216903,14.553559280695502,1.035094094360247,180,1,2024-04-08,96.6
2430134,TrueBeam,25.477083333333333,27.187333333333335,0.394209,7.985694867358402,0.937093867242098,180,1,2024-04-08,99.5
2430047,TrueBeam,14.802611111111112,39.02211111111111,0.132106,10.923550575481354,0.37933906417728985,180,1,2024-04-08,91.7
2429933,Agility,87.72374999999998,76.70344444444444,0.168907,22.585841576172356,1.1436741939736152,180,1,2024-04-08,84.3
2430308,TrueBeam,10.979944444444445,22.63077777777778,0.161217,6.611773136403269,0.4851775114519558,180,1,2024-04-08,88.7
2430187,Agility,109.50902173913043,84.93826086956523,0.426384,23.03100986624696,1.2892778898227868,46,0,2024-04-08,92.2
2430345,Agility,135.23666666666668,114.18322222222221,0.231072,24.51222399348642,1.1843829945827808,180,1,2024-04-08,80.6
2430040,TrueBeam,17.80741666666667,113.37766666666667,0.054821,17.93268269705208,0.15706282542417233,180,1,2024-04-08,87.9
2430295,Agility,25.767055555555558,32.84755555555556,0.227542,7.852668453158937,0.784443625096405,180,1,2024-04-08,93.6
2430041,TrueBeam,29.556138888888885,119.66977777777781,0.079225,22.196081861445727,0.24698081201231528,180,1,2024-04-08,89.4
2429889,TrueBeam,8.563749999999999,18.232777777777777,0.133327,5.836435216894147,0.4696898138273561,180,1,2024-04-08,92.4
2430344,Agility,63.15307692307692,58.437802197802206,0.222851,16.210169529413147,1.0806887758939718,91,0,2024-04-08,89.6
2430186,Agility,120.22652173913043,75.3982608695652,0.444659,23.355229229268254,1.5945529824237674,23,0,2024-04-08,91.5
2430364,Agility,113.18102777777777,67.08533333333334,0.312638,16.245240009384958,1.6871203011752856,180,1,2024-04-08,95.1
2430347,Agility,94.7956111111111,66.4811111111111,0.370193,16.236749751708174,1.425902929821336,180,1,2024-04-08,94.7
2430306,TrueBeam,11.769120879120882,41.51362637362637,0.044135,12.51579002700189,0.283500187943056,91,0,2024-04-08,94.2
2430307,TrueBeam,9.796923076923077,24.071648351648353,0.084976,7.469152623075411,0.4069901210671439,91,0,2024-04-08,83.7
2430346,Agility,97.58319444444446,110.4451111111111,0.176754,24.14740951208246,0.8835447170339014,180,1,2024-04-08,84.4
2430038,TrueBeam,20.51875,114.82633333333334,0.071179,19.412485273670498,0.17869376652858374,180,1,2024-04-08,90.4
2430043,TrueBeam,17.782166666666665,44.84666666666667,0.164438,10.362926640234754,0.3965103314999256,180,1,2024-04-08,95.3
2430444,Agility,82.08055555555556,84.99933333333334,0.234584,16.48055283362966,0.9656611685843288,180,1,2024-04-08,88.1
2430297,Agility,134.45516666666666,75.63066666666667,0.429371,19.507284953015095,1.7777863476896494,180,1,2024-04-08,93.4
2430281,Agility,62.461416666666665,73.01955555555554,0.14727,19.851152970635894,0.8554066947058324,180,1,2024-04-08,75.3
2430188,Agility,103.24108695652176,79.30086956521738,0.422222,23.92043650022982,1.301890982060617,23,0,2024-04-08,92.4
2430331,TrueBeam,10.557277777777779,24.698666666666668,0.149155,7.133023341791706,0.4274432268048658,180,1,2024-04-08,82.9
2430269,TrueBeam,34.181749999999994,37.793,0.187457,11.452748239859154,0.9044465906384779,180,1,2024-04-08,97.0
2430286,Agility,144.08886111111113,78.00422222222223,0.412719,18.1088642228999,1.847193100658369,180,1,2024-04-08,92.5
2430443,Agility,106.25161111111112,81.11022222222222,0.283885,18.19056340227489,1.309965725651788,180,1,2024-04-08,87.3
2430044,TrueBeam,23.225055555555553,115.7712222222222,0.070352,18.172962782143248,0.20061164691666802,180,1,2024-04-08,90.5
2430291,TrueBeam,25.909788732394368,24.330422535211262,0.429426,5.658611669564776,1.0649132251976894,71,0,2024-04-08,97.1
2430268,TrueBeam,49.01936111111112,64.05611111111111,0.210371,14.363317036918446,0.7652565892750282,180,1,2024-04-08,96.6
2430287,Agility,170.0103055555555,88.93366666666667,0.483919,17.889064650964194,1.9116529423303006,180,1,2024-04-08,94.6
2426151,Agility,84.74285714285716,69.55349206349206,0.305669,17.70097534684086,1.2183839319742489,126,0,2024-03-20,77.5
2425815,TrueBeam,74.25522222222223,122.13244444444446,0.206824,15.7985846620981,0.6079893230663979,180,1,2024-03-20,97.0
2425116,Agility,95.82155555555556,80.77977777777777,0.263897,19.251721487195223,1.1862072190784825,180,1,2024-03-20,89.8
2425839,Agility,25.47641666666667,44.555888888888894,0.115052,9.033266739736607,0.5717856225514523,180,1,2024-03-20,80.5
2425727,Agility,35.15880555555556,48.876777777777775,0.262114,10.401540751254114,0.7193355854063849,180,1,2024-03-20,92.9
2426146,Agility,52.84595238095238,61.66571428571427,0.407706,14.889317410343367,0.8569746250907352,21,0,2024-03-20,76.5
2425551,Agility,55.661222222222236,60.35611111111111,0.23892,14.575857168473702,0.9222135289623625,180,1,2024-03-20,96.8
2426049,Agility,41.70255555555556,46.52044444444444,0.306398,13.766746885267517,0.8964350202061699,180,1,2024-03-20,90.6
2425833,Agility,41.11486111111112,69.10555555555555,0.129924,11.25006888867797,0.5949573920733179,180,1,2024-03-20,86.3
2425782,Agility,38.759527777777784,42.51711111111111,0.255086,9.018415732233612,0.9116218568210447,180,1,2024-03-20,88.4
2425756,Agility,22.949388888888887,48.09155555555555,0.09278,10.373256480006653,0.4772020497939116,180,1,2024-03-20,86.4
2425916,Agility,16.301446280991733,25.969586776859504,0.208106,6.648629105375548,0.6277129636701545,121,0,2024-03-20,95.8
2425832,Agility,43.23375000000001,61.58133333333333,0.146704,12.910391990324117,0.7020593361624736,180,1,2024-03-20,92.0
2425981,TrueBeam,19.3935,26.66611111111111,0.2238,7.650127018922193,0.727271401487531,180,1,2024-03-20,98.9
2426084,Agility,51.577777777777776,74.92211111111111,0.157029,19.634532337426677,0.6884186392090156,180,1,2024-03-20,75.9
2425755,Agility,23.310499999999998,37.91822222222222,0.127789,10.199659279098285,0.6147571967743448,180,1,2024-03-20,81.5
2425954,TrueBeam,115.90380555555556,56.223,0.482819,14.433473818751164,2.061501619542813,180,1,2024-03-20,90.8
2426010,Agility,50.64983333333334,51.626777777777775,0.322507,12.953330249197702,0.9810767883161411,180,1,2024-03-20,94.9
2426011,Agility,60.29072222222223,54.019555555555556,0.397788,13.068731047976346,1.1160906749818997,180,1,2024-03-20,96.0
2426085,Agility,48.97658333333333,70.95477777777776,0.154417,19.115517610121366,0.6902506760957293,180,1,2024-03-20,80.9
2425980,TrueBeam,21.983083333333333,27.253555555555554,0.238803,7.788139720814413,0.8066134082403111,180,1,2024-03-20,99.2
2426169,TrueBeam,6.01463888888889,13.299777777777779,0.228911,3.7586161978614196,0.4522360440441779,180,1,2024-03-20,84.3
2425728,TrueBeam,53.466222222222214,76.4991111111111,0.182069,19.15256108003212,0.6989129866432725,180,1,2024-03-20,95.2
2426145,Agility,76.73754098360655,67.4960655737705,0.324263,14.422596128686653,1.1369187275032424,61,0,2024-03-20,94.1
2425552,Agility,55.616555555555564,64.89766666666667,0.274764,14.29743777535899,0.8569885238127035,180,1,2024-03-20,96.1
2425948,Agility,83.55962264150943,79.96377358490568,0.189641,17.836938305527205,1.0449684762911504,106,0,2024-03-20,89.1
2425949,Agility,98.4258962264151,79.19169811320755,0.199033,19.124233184396132,1.24288149605924,106,0,2024-03-20,90.5
2425699,Agility,74.91752777777778,54.07333333333334,0.400643,14.30449781802057,1.3854801093165658,180,1,2024-03-20,92.9
2425725,Agility,36.17138888888889,43.275444444444446,0.300445,12.151187754087443,0.8358409567653199,180,1,2024-03-20,94.4
2426060,TrueBeam,19.71287878787879,22.247878787878786,0.266964,5.23546825928189,0.8860565528889375,66,0,2024-03-20,95.8
2426144,Agility,44.99595238095238,62.153333333333336,0.275938,14.4208530138317,0.7239507515974318,21,0,2024-03-20,83.8
2425841,Agility,27.06463888888889,45.288000000000004,0.146413,9.496279441628822,0.597611704842097,180,1,2024-03-20,87.0
2425729,TrueBeam,84.36594444444445,137.52722222222224,0.236957,16.19362344914167,0.6134490545306182,180,1,2024-03-20,94.7
2425115,Agility,92.42802777777777,81.06844444444444,0.239322,19.27501520125445,1.1401233662638977,180,1,2024-03-20,87.0
2425816,TrueBeam,123.80297222222224,73.40799999999999,0.330097,17.349368630775544,1.6865051795747366,180,1,2024-03-20,94.3
2425953,Agility,7.271833333333333,16.697333333333336,0.155783,4.729718405052538,0.43550866405813293,180,1,2024-03-20,90.0
2426168,TrueBeam,6.088972222222223,12.726333333333333,0.211216,3.376592712306868,0.47845456053502367,180,1,2024-03-20,84.8
2424967,TrueBeam,10.831027777777779,17.404111111111114,0.329468,5.116918271509139,0.6223258234006014,180,1,2024-03-18,98.8
2425120,Agility,13.623611111111112,26.821555555555562,0.117565,9.518319691845862,0.5079351599459804,180,1,2024-03-18,90.7
2425160,Agility,60.34247747747748,75.18702702702701,0.141376,19.557013932469907,0.8025650150495582,111,0,2024-03-18,89.3
2425204,TrueBeam,52.91855555555556,47.674444444444454,0.327981,13.473255161420811,1.1099983685645698,180,1,2024-03-18,97.4
2425262,Agility,38.14358333333333,43.73133333333334,0.202739,11.302840362333184,0.8722254828726922,180,1,2024-03-18,88.5
2425110,TrueBeam,79.68580555555556,46.096333333333334,0.414642,11.447085395823564,1.7286799142857832,180,1,2024-03-18,88.0
2425263,Agility,29.050444444444445,27.29077777777778,0.440409,5.974987015738775,1.0644784359388804,180,1,2024-03-18,92.8
2424963,TrueBeam,6.464472222222223,24.94533333333334,0.124505,5.927358453645887,0.2591455538332709,180,1,2024-03-18,96.8
2425200,TrueBeam,14.353833333333334,20.496888888888886,0.167943,5.448561771056907,0.7002932694392646,180,1,2024-03-18,100.0
2424962,TrueBeam,6.883972222222225,23.259777777777778,0.102973,6.622130208549635,0.29596036075628895,180,1,2024-03-18,92.0
2425261,Agility,35.61208333333334,43.52344444444444,0.160701,11.368207169393926,0.8182275963656881,180,1,2024-03-18,84.7
2425236,Agility,30.671024096385544,35.13036144578314,0.207469,8.780800123879807,0.8730631520464226,83,0,2024-03-18,93.3
2425164,TrueBeam,18.191805555555554,26.390555555555558,0.21146,7.696846238040757,0.6893301475696271,180,1,2024-03-18,89.3
2425122,TrueBeam,20.663138888888888,30.067444444444448,0.23259,8.177365411755408,0.687226309740694,180,1,2024-03-18,90.4
2425163,TrueBeam,18.247388888888885,32.49733333333334,0.265814,4.794198277901895,0.5615041917969336,180,1,2024-03-18,96.0
2425231,TrueBeam,25.9534065934066,31.145054945054948,0.169296,8.084165107204129,0.8333074588949264,91,0,2024-03-18,95.4
2425118,Agility,14.20197222222222,33.915888888888894,0.097786,12.393946868427149,0.41874097030890134,180,1,2024-03-18,78.3
2425266,Agility,51.474729729729724,54.19135135135136,0.21824,14.036496188314526,0.949869830630199,111,0,2024-03-18,90.9
2425159,Agility,68.67324324324325,73.47891891891891,0.191814,18.47594273367291,0.9345978990112996,111,0,2024-03-18,92.0
2425267,Agility,35.61801801801801,52.43693693693694,0.154988,14.558125587902268,0.6792543595911004,111,0,2024-03-18,88.1
2425119,TrueBeam,55.28494444444445,59.26144444444445,0.373358,11.976716877801902,0.9328990368480162,180,1,2024-03-18,98.8
2425206,TrueBeam,57.077527777777775,57.44777777777779,0.329906,12.146215080515034,0.993555016149933,180,1,2024-03-18,99.0
2436147,Agility,115.4305,61.166555555555554,0.456535,15.923860635244083,1.8871505670310027,180,1,2024-04-30,96.9
2436014,TrueBeam,73.80708333333334,46.79311111111111,0.385908,11.925136924037474,1.577306607335363,180,1,2024-04-30,95.8
2436080,Agility,14.792971698113206,29.73547169811321,0.058508,6.117519274858715,0.49748569144278476,106,0,2024-04-30,92.6
2436018,Agility,71.2840277777778,88.22433333333333,0.188348,23.253257010253492,0.8079860179668247,180,1,2024-04-30,88.6
2436171,Agility,131.951694214876,90.70380165289257,0.25557,26.81132940909903,1.4547537347974877,121,0,2024-04-30,93.5
2436062,TrueBeam,81.95691666666667,68.75499999999998,0.269844,15.865804714281435,1.192013914139578,180,1,2024-04-30,95.7
2436170,Agility,233.91078512396695,125.6406611570248,0.383944,31.101230054611463,1.8617443029182004,121,0,2024-04-30,89.4
2435863,Agility,28.250879629629626,31.293518518518518,0.292771,8.160428661351336,0.902770956002012,108,0,2024-04-30,90.8
2436081,Agility,20.531132075471692,56.52377358490566,0.107946,6.056232239975085,0.3632300317782465,106,0,2024-04-30,91.3
2436100,Agility,70.78661458333335,59.859791666666666,0.35698,15.400488120801388,1.182540276409805,96,0,2024-04-30,92.2
2435868,Agility,111.6748901098901,99.75538461538461,0.26199,24.195853205798432,1.1194873393597966,91,0,2024-04-30,84.5
2435995,Agility,70.93452777777777,56.88944444444444,0.357388,14.49842396174154,1.2468838194939502,180,1,2024-04-30,96.6
2435994,Agility,68.67002777777778,54.701444444444434,0.333611,14.307183274707594,1.2553604109580696,180,1,2024-04-30,94.9
2435865,Agility,28.250879629629626,31.293518518518518,0.292771,8.160428661351336,0.902770956002012,108,0,2024-04-30,91.9
2435923,Agility,130.2011157024793,101.67570247933884,0.176471,28.04226504469314,1.280552900324805,121,0,2024-04-30,85.1
2436118,Agility,9.43177304964539,20.95517730496454,0.107164,5.728336263762902,0.4500927342385639,141,0,2024-04-30,81.1
2436180,Agility,158.61189393939395,81.71757575757576,0.383073,20.749785845198303,1.9409764970259729,66,0,2024-04-30,93.6
2435997,Agility,13.011499999999998,22.666666666666664,0.124961,5.762937183068262,0.5740367647058823,180,1,2024-04-30,86.1
2435942,Agility,82.24336111111111,45.527,0.378315,10.828713121785922,1.8064744242122501,180,1,2024-04-30,92.3
2435703,TrueBeam,40.50263888888889,48.26344444444445,0.351284,12.946279441628825,0.839199094783031,180,1,2024-04-30,94.0
2435996,TrueBeam,47.65761111111111,38.513555555555556,0.462762,10.332187780157236,1.2374243412131947,180,1,2024-04-30,99.4
2436181,Agility,173.96681818181816,85.04272727272726,0.343896,21.11472069879286,2.04564015949202,66,0,2024-04-30,92.0
2435938,Agility,105.59719008264462,101.55041322314048,0.176327,29.56423244494144,1.0398499300107427,121,0,2024-04-30,77.7
2435892,Agility,79.7646875,72.38770833333332,0.12112,20.978478449081578,1.1019092790269989,96,0,2024-04-30,53.9
2435867,Agility,118.64824175824175,106.62263736263736,0.256467,25.170480885381664,1.1127865966652444,91,0,2024-04-30,79.0
2436031,TrueBeam,89.94730555555556,70.58433333333333,0.317145,16.158270235247283,1.274323937165786,180,1,2024-04-30,96.8
2435830,Agility,9.928777777777777,21.247777777777774,0.155026,6.085432288249233,0.46728546776133456,180,1,2024-04-30,69.0
2436089,TrueBeam,125.60666666666665,155.7688888888889,0.278171,28.920480546119116,0.8063655558091758,180,1,2024-04-30,71.6
2436027,TrueBeam,27.670916666666663,29.656222222222222,0.383955,8.770447362075705,0.9330560197222991,180,1,2024-04-30,99.1
2435987,Agility,155.2513888888889,143.34277777777777,0.181047,28.764657652601585,1.0830778592108272,180,1,2024-04-30,90.7
2436082,Agility,8.253694444444445,14.058555555555555,0.216439,3.6470480099768006,0.5870940589755547,180,1,2024-04-30,86.1
2435704,TrueBeam,45.15919444444444,50.94544444444445,0.418313,11.817914661978508,0.8864226220205054,180,1,2024-04-30,99.4
2436153,Agility,47.55963541666667,34.92979166666667,0.307479,8.300749407175065,1.36157798679494,96,0,2024-04-30,93.1
2436016,TrueBeam,6.556305555555557,18.72233333333333,0.074205,5.869550904700807,0.35018634904243906,180,1,2024-04-30,91.5
2435860,Agility,22.39456043956044,26.061978021978014,0.45377,6.925463003547162,0.8592809195324757,91,0,2024-04-30,94.7
2436017,Agility,63.36833333333333,85.64011111111111,0.127323,23.05541347421631,0.7399375422472076,180,1,2024-04-30,81.1
2435986,Agility,166.08477777777776,117.70966666666668,0.225204,29.977812129048807,1.410969740047782,180,1,2024-04-30,76.7
2428051,Agility,47.19649999999999,40.39633333333333,0.396113,8.95005969064512,1.1683362351368523,180,1,2024-03-27,95.6
2428092,Agility,9.250305555555553,16.01566666666667,0.154856,3.8310855304901255,0.5775785515571554,180,1,2024-03-27,89.5
2428115,Agility,54.39005555555556,39.95688888888889,0.366599,8.645014591028316,1.3612184799172442,180,1,2024-03-27,97.1
2428011,TrueBeam,230.2845238095238,76.88857142857141,0.75151,18.171915281061047,2.99504229992692,21,0,2024-03-27,98.9
2428135,Agility,59.25522222222222,84.08377777777778,0.132729,21.567222329071026,0.7047164600385329,180,1,2024-03-27,79.2
2428016,TrueBeam,216.482380952381,78.00476190476192,0.726203,18.819493681874015,2.7752457114950246,21,0,2024-03-27,98.6
2428112,TrueBeam,49.64205555555555,68.19788888888888,0.259485,11.312972353840518,0.7279119099483367,180,1,2024-03-27,99.7
2428020,Agility,10.112416666666666,25.602666666666668,0.081711,7.5312020491751435,0.39497513279866675,180,1,2024-03-27,91.9
2427907,Agility,9.609583333333331,21.322444444444443,0.121866,5.597292994202649,0.45067925295202754,180,1,2024-03-27,84.1
2428095,Agility,165.49580555555556,69.65155555555555,0.47553,16.759250708723393,2.3760532587610714,180,1,2024-03-27,98.8
2427927,TrueBeam,58.08025,74.20022222222222,0.187299,19.463707081641264,0.7827503511519881,180,1,2024-03-27,97.8
2427908,Agility,11.139805555555554,32.540333333333336,0.172701,5.087838865197849,0.34233839713449626,180,1,2024-03-27,83.3
2427764,Agility,94.88355555555556,89.56355555555557,0.214329,23.204449794314804,1.0593991603727706,180,1,2024-03-27,84.2
2427932,Agility,187.9786666666667,86.77522222222223,0.416407,23.76137499047234,2.1662712218157516,180,1,2024-03-27,92.2
2428014,TrueBeam,220.79096153846154,87.22923076923077,0.732333,19.18701672591959,2.5311579569304574,26,0,2024-03-27,98.2
2427928,TrueBeam,83.56391666666667,133.72111111111113,0.23429,16.32754075504075,0.6249119228244522,180,1,2024-03-27,98.1
2428074,TrueBeam,87.17125,103.93166666666667,0.335737,20.05614938258997,0.8387361888420276,36,0,2024-03-27,91.6
2428015,TrueBeam,123.80860655737706,79.88327868852458,0.415162,18.087533697374393,1.5498688660504674,61,0,2024-03-27,95.9
2428111,TrueBeam,60.727611111111116,54.379555555555555,0.298656,13.801424560644344,1.1167360691109405,180,1,2024-03-27,95.8
2427765,Agility,69.07947222222222,86.21444444444445,0.166835,23.24105520626882,0.8012517237379659,180,1,2024-03-27,84.9
2428136,Agility,68.25316666666666,86.9841111111111,0.17647,21.49662617744542,0.7846624607048286,180,1,2024-03-27,81.8
2428049,TrueBeam,13.006277777777779,25.499111111111112,0.07286,7.8676339328922635,0.5100678890767434,180,1,2024-03-27,93.0
2428053,Agility,122.80627777777777,56.63044444444444,0.376531,13.854336127485908,2.1685557827160107,180,1,2024-03-27,93.8
2428012,TrueBeam,93.45016393442623,74.21377049180327,0.31975,18.99081216478219,1.2592024810913975,61,0,2024-03-27,94.2
2428013,TrueBeam,108.34153846153845,80.81307692307692,0.409396,18.37638232669204,1.3406436505896797,26,0,2024-03-27,96.6
2428048,TrueBeam,22.731999999999996,30.687444444444445,0.2231,6.991298946108055,0.7407589785181777,180,1,2024-03-27,92.6
2428072,TrueBeam,147.30597222222224,107.155,0.549133,19.739774036415973,1.3746999414140473,36,0,2024-03-27,98.0
2423191,Agility,65.88088888888889,86.23566666666667,0.18549,21.878269756761448,0.7639633510754121,180,1,2024-03-11,85.9
2423502,Agility,72.02416666666667,84.77222222222223,0.153607,22.324172234077444,0.8496198964545515,180,1,2024-03-11,88.3
2423308,TrueBeam,19.10690476190476,20.84952380952381,0.504287,5.879987256143828,0.9164192399049881,21,0,2024-03-11,100.0
2423332,Agility,79.81708333333334,83.6531111111111,0.215123,20.59605390739064,0.9541436328329426,180,1,2024-03-11,85.4
2423364,Agility,182.7408055555555,94.39622222222222,0.305117,21.893618306418,1.9358910902743278,180,1,2024-03-11,89.6
2423305,TrueBeam,24.06736111111111,29.113,0.29191,6.818659164022119,0.8266877721674548,180,1,2024-03-11,99.2
2423082,Agility,25.470109890109892,28.653186813186814,0.124102,8.443251325810493,0.8889101954407389,91,0,2024-03-11,77.5
2423651,Agility,33.54202777777778,33.572111111111106,0.473921,8.775623742977755,0.9991039189274169,180,1,2024-03-11,88.9
2423359,TrueBeam,8.523361111111111,16.42222222222222,0.257274,4.828069642191496,0.5190138700947227,180,1,2024-03-11,90.2
2423549,TrueBeam,117.64286111111113,83.94277777777778,0.319483,20.628920638627044,1.4014649529772267,180,1,2024-03-11,98.6
2423363,Agility,173.2805,97.03866666666666,0.302524,21.85439822218155,1.785685087731351,180,1,2024-03-11,89.9
2423528,Agility,31.243888888888886,52.35322222222223,0.171494,13.757368354874362,0.5967901795283744,180,1,2024-03-11,85.9
2423590,Agility,107.63822222222223,58.369666666666674,0.353266,16.353538446990036,1.8440780694691115,180,1,2024-03-11,87.9
2423247,Agility,69.38425000000001,87.94755555555557,0.185279,21.09610545249517,0.7889275553107408,180,1,2024-03-11,82.7
2423512,TrueBeam,73.6804958677686,78.64727272727272,0.179706,20.276436662006184,0.9368474368243188,121,0,2024-03-11,97.7
2423553,TrueBeam,8.002083333333335,16.759333333333334,0.120236,5.076005137433247,0.4774702653247942,180,1,2024-03-11,93.2
2423552,TrueBeam,61.99905555555556,125.30600000000001,0.172186,18.664958558789152,0.49478122001784075,180,1,2024-03-11,96.5
2423513,TrueBeam,95.71177685950411,77.40396694214876,0.254636,20.039373041732553,1.2365228894668732,121,0,2024-03-11,94.5
2423456,TrueBeam,10.28275,18.568666666666665,0.226877,5.506834766348489,0.5537688938354935,180,1,2024-03-11,97.4
2423682,TrueBeam,14.644388888888887,33.333555555555556,0.205038,4.482830968071377,0.4393287378084145,180,1,2024-03-11,99.0
2423529,Agility,30.241666666666667,50.705000000000005,0.16788,13.064891882842666,0.596423758340729,180,1,2024-03-11,87.6
2423661,TrueBeam,27.29622222222222,45.870666666666665,0.229439,11.337923967653625,0.5950692284587584,180,1,2024-03-11,96.0
2423548,TrueBeam,116.87052777777778,81.36500000000001,0.343479,20.78835974539343,1.4363734748083055,180,1,2024-03-11,97.9
2423358,TrueBeam,27.79819444444444,44.40322222222222,0.289455,6.125323916553197,0.6260400271251586,180,1,2024-03-11,98.0
2423071,Agility,16.047151162790694,26.614651162790693,0.058618,5.786313259997706,0.6029442604615398,86,0,2024-03-11,77.0
2423662,TrueBeam,15.99161111111111,43.73588888888889,0.143103,12.943249097807595,0.36564047324470367,180,1,2024-03-11,92.4
2423072,Agility,15.084340659340661,25.091648351648352,0.060957,5.177565104454759,0.6011697776064888,91,0,2024-03-11,84.7
2423588,Agility,20.328027777777777,28.791333333333338,0.393453,7.0202998291259995,0.7060467656161961,180,1,2024-03-11,86.8
2423551,TrueBeam,59.81008333333334,106.26644444444445,0.214363,18.62853375789732,0.5628313212700152,180,1,2024-03-11,96.2
2423680,TrueBeam,15.883406593406594,20.899560439560442,0.141025,5.412827916530368,0.7599875910950332,91,0,2024-03-11,98.9
2423454,TrueBeam,30.428055555555556,37.80422222222222,0.208708,10.02571973082293,0.8048851098348803,180,1,2024-03-11,98.9
2423248,Agility,69.07491666666667,89.6821111111111,0.189453,21.147869261515673,0.7702195656510218,180,1,2024-03-11,85.3
2423622,Agility,120.76641666666663,65.40877777777777,0.455082,17.902743474154427,1.8463334856517724,180,1,2024-03-11,96.2
2423453,TrueBeam,31.16247222222222,34.74455555555556,0.20695,7.800037385846763,0.8969023124326432,180,1,2024-03-11,97.0
2423306,TrueBeam,41.20357142857143,32.86952380952381,0.561021,7.664074427160417,1.2535493871874366,21,0,2024-03-11,99.4
2423582,TrueBeam,30.262388888888886,33.64333333333333,0.297388,9.335292632075781,0.8995062584629611,180,1,2024-03-11,97.9
2423672,TrueBeam,18.194222222222226,125.66355555555558,0.047071,14.664577520924535,0.14478519362106224,180,1,2024-03-11,93.9
2423409,TrueBeam,16.33625,26.296666666666663,0.204341,5.16922989479367,0.6212289263531501,180,1,2024-03-11,96.1
2423331,Agility,95.821,86.8518888888889,0.260225,21.34042405608872,1.1032690391176805,180,1,2024-03-11,87.8
2423192,Agility,66.41411111111111,89.90633333333332,0.182728,21.73177160225019,0.7387033665901674,180,1,2024-03-11,85.7
2423307,TrueBeam,9.719111111111111,18.843777777777778,0.218385,5.295605721777774,0.5157729636661674,180,1,2024-03-11,99.3
2423501,Agility,65.18977777777778,86.80722222222222,0.161449,22.58825413460285,0.7509718213410302,180,1,2024-03-11,86.2
2428620,Agility,132.78717105263158,95.16342105263156,0.370328,23.79318911581824,1.3953593679570602,76,0,2024-04-01,84.2
2428837,TrueBeam,41.509027777777774,72.95577777777778,0.145409,15.086117812559188,0.568961486562636,180,1,2024-04-01,98.8
2428600,Agility,62.28927777777778,60.58844444444445,0.272007,14.532355843946787,1.028071909568381,180,1,2024-04-01,95.4
2428601,Agility,70.00197222222224,64.18244444444446,0.317208,13.101547987898702,1.0906716443748896,180,1,2024-04-01,94.1
2428836,TrueBeam,40.62647222222222,59.13355555555556,0.159371,15.56608403202194,0.6870290791842194,180,1,2024-04-01,97.5
2428637,Agility,53.89336111111111,78.173,0.179327,18.582063897234026,0.6894114478286762,180,1,2024-04-01,90.8
2428811,Agility,27.94791666666667,45.656444444444446,0.109889,13.416314971498256,0.6121351981465438,180,1,2024-04-01,83.6
2428743,TrueBeam,18.423367346938775,47.897551020408166,0.133652,15.231080066758233,0.3846411132604453,98,0,2024-04-01,95.7
2428667,Agility,16.54016129032258,22.332258064516132,0.285936,5.307807525762446,0.7406398959988443,31,0,2024-04-01,95.7
2428830,Agility,27.58813888888889,25.41077777777778,0.342183,6.516662236158477,1.0856865197182297,180,1,2024-04-01,86.2
2428666,Agility,18.252741935483872,24.419354838709676,0.341986,5.868657009586633,0.7474702774108323,31,0,2024-04-01,93.6
2428742,TrueBeam,16.106683673469387,48.14530612244897,0.101196,16.66077272058644,0.3345431771168911,98,0,2024-04-01,93.0
2428741,TrueBeam,16.689591836734692,48.431428571428576,0.114398,16.591906411987427,0.34460250975500806,98,0,2024-04-01,91.5
2428757,Agility,80.42194444444443,86.77199999999999,0.176554,21.73979069971139,0.9268190711801554,180,1,2024-04-01,85.8
2428809,Agility,51.01005555555556,60.111444444444444,0.146897,17.578688879719607,0.8485914126169356,180,1,2024-04-01,87.9
2428808,Agility,47.098333333333336,62.43611111111111,0.121854,18.423998456007673,0.7543444409841171,180,1,2024-04-01,84.9
2428832,Agility,18.25561111111111,29.371111111111112,0.248196,8.041025293787044,0.6215498978588182,180,1,2024-04-01,93.2
2428756,Agility,105.5998611111111,93.02066666666666,0.219112,21.650020284681304,1.135230104182344,180,1,2024-04-01,87.0
2428582,TrueBeam,18.65452777777778,22.021555555555555,0.289498,5.3749174476781425,0.8471030909109258,180,1,2024-04-01,98.6
2428740,TrueBeam,18.037755102040816,49.13734693877552,0.148667,15.31173676392315,0.3670885024483641,98,0,2024-04-01,95.2
2428589,Agility,49.20202777777778,58.307111111111126,0.183358,15.668571451946853,0.84384266070081,180,1,2024-04-01,85.5
2428839,Agility,36.78563953488372,43.02651162790698,0.21573,7.2619866427858435,0.8549528684315781,86,0,2024-04-01,93.3
2428814,Agility,28.521138888888892,46.04811111111111,0.117454,13.326757006909554,0.6193769559856479,180,1,2024-04-01,90.3
2428838,Agility,40.737965116279064,45.27534883720931,0.282654,9.793428919433683,0.8997824679994245,86,0,2024-04-01,93.7
2428635,Agility,48.843527777777794,67.3968888888889,0.155182,19.218075011331898,0.7247148730900868,180,1,2024-04-01,85.6
2428588,Agility,59.94838888888891,63.957,0.213853,16.081653222913708,0.9373233405082931,180,1,2024-04-01,90.3
2428834,Agility,16.994027777777777,34.23033333333333,0.211218,7.68864688640361,0.4964610660460346,180,1,2024-04-01,96.0
2418412,TrueBeam,19.02759259259259,39.67753086419753,0.175641,10.451038225937172,0.47955586394015953,81,0,2024-02-20,95.4
2418202,Agility,99.91958333333334,86.989,0.301786,21.471393067893825,1.1486461889817485,180,1,2024-02-20,87.8
2418330,Agility,7.223166666666665,27.646222222222224,0.062431,3.295117600329311,0.2612713812616551,180,1,2024-02-20,90.3
2418218,Agility,77.49619444444444,88.63866666666667,0.216929,21.816487753329326,0.8742933232048216,180,1,2024-02-20,85.9
2418219,Agility,56.19244444444444,83.44122222222224,0.154414,22.140273616879885,0.6734374563065683,180,1,2024-02-20,86.3
2418327,Agility,10.860027777777777,28.424,0.080897,4.6751270189221925,0.38207246614754353,180,1,2024-02-20,88.3
2418331,Agility,5.461944444444445,20.218333333333334,0.054672,3.428922040834325,0.27014810540488554,180,1,2024-02-20,89.0
2417861,Agility,81.72936111111112,86.28455555555556,0.242467,21.79647636352582,0.9472073024527372,180,1,2024-02-20,83.5
2418249,TrueBeam,24.95861842105263,31.28947368421052,0.233188,9.09822901180215,0.7976682085786376,76,0,2024-02-20,97.5
2417954,Agility,28.395055555555555,42.973555555555556,0.159254,12.53165175038815,0.6607564859008899,180,1,2024-02-20,80.6
2418290,Agility,97.7679120879121,54.64527472527472,0.406486,12.926999024650826,1.7891375343876192,91,0,2024-02-20,95.5
2418300,Agility,144.92968468468467,105.32216216216216,0.292687,23.321238489596666,1.3760606667145676,111,0,2024-02-20,84.8
2418316,Agility,6.188305555555555,16.850555555555555,0.182859,3.8741016151377554,0.3672463815897926,180,1,2024-02-20,94.1
2418065,Agility,62.23183962264151,47.89339622641509,0.209378,11.678486172061602,1.299382472866232,106,0,2024-02-20,90.8
2417955,Agility,31.718277777777782,53.60722222222222,0.17076,12.3440412965448,0.5916791891639809,180,1,2024-02-20,89.0
2417809,Agility,99.0937222222222,80.92166666666667,0.369544,16.49603218502176,1.2245635353805804,180,1,2024-02-20,93.2
2418292,TrueBeam,23.510416666666668,29.69777777777778,0.258256,8.877591871764919,0.7916557542651901,180,1,2024-02-20,99.7
2417808,Agility,89.9571111111111,74.37188888888888,0.363357,16.370317547305483,1.209557972172879,180,1,2024-02-20,89.8
2418289,Agility,81.70075000000001,79.59811111111111,0.295142,13.11221344330971,1.0264156882561426,180,1,2024-02-20,94.4
2417862,Agility,77.68261111111111,82.981,0.230937,21.560951032482528,0.936149372881878,180,1,2024-02-20,84.3
2418410,TrueBeam,13.435000000000002,35.98987654320988,0.166657,7.8026610927974875,0.37329941890380697,81,0,2024-02-20,98.1
2418349,TrueBeam,62.668613861386135,42.279207920792075,0.309901,10.836119080676466,1.4822561004168424,101,0,2024-02-20,95.8
2418324,TrueBeam,27.974945054945053,34.03186813186814,0.151069,8.3717790582714,0.8220220220220218,91,0,2024-02-20,95.1
2418332,TrueBeam,19.331972222222223,23.551000000000002,0.382407,5.966119549395774,0.8208556843540495,180,1,2024-02-20,99.2
2418348,TrueBeam,144.15358490566038,66.88207547169812,0.505013,17.93978208196944,2.1553395867127443,106,0,2024-02-20,98.6
2417951,Agility,27.97788888888889,35.376000000000005,0.142636,9.472377762360201,0.790872028745163,180,1,2024-02-20,95.5
2418411,TrueBeam,10.689012345679012,33.677530864197536,0.126859,10.05237020535574,0.3173929938267079,81,0,2024-02-20,95.8
2418329,Agility,4.774000000000001,18.954444444444444,0.058082,3.1730762113533153,0.25186704965121054,180,1,2024-02-20,83.6
2418305,Agility,68.82208333333332,51.63511111111111,0.401381,13.75639662177974,1.3328543669682127,180,1,2024-02-20,85.2
2418201,Agility,101.02458333333335,86.86666666666666,0.299997,21.290219736322058,1.162984458940906,180,1,2024-02-20,83.0
2420139,Agility,77.35127777777778,68.71211111111111,0.272204,17.215811428519412,1.125729897203954,180,1,2024-02-27,92.7
2420210,Agility,82.50563888888888,66.5111111111111,0.404231,14.332235643276872,1.2404790344136318,180,1,2024-02-27,98.6
2420197,Agility,29.807407407407407,36.250370370370376,0.205347,8.928857767644908,0.8222649066165351,81,0,2024-02-27,96.4
2420226,TrueBeam,31.14976415094339,39.11207547169811,0.118698,12.44103220968611,0.7964231960404062,106,0,2024-02-27,86.2
2420230,Agility,70.91225000000001,49.32222222222222,0.398429,13.602133895915404,1.4377342870015772,180,1,2024-02-27,96.3
2420270,TrueBeam,94.6676388888889,70.53777777777778,0.317338,17.1464610743984,1.3420842259466954,180,1,2024-02-27,97.2
2420179,Agility,13.471333333333332,32.29788888888889,0.083293,7.646152422706632,0.41709640464977066,180,1,2024-02-27,76.5
2420211,Agility,76.04547222222223,71.90211111111111,0.26825,19.81388960312436,1.0576250272361034,180,1,2024-02-27,96.5
2420180,Agility,15.38536111111111,42.22555555555556,0.160354,5.872583642122789,0.36436136620793086,180,1,2024-02-27,92.0
2420220,TrueBeam,54.51208333333333,44.26266666666667,0.362295,12.507827248272253,1.23155895111004,180,1,2024-02-27,98.7
2420261,TrueBeam,63.42319444444444,66.69855555555556,0.261556,16.812053718159483,0.9508930728135041,180,1,2024-02-27,99.0
2420294,TrueBeam,46.175891089108895,37.004950495049506,0.333869,8.864430313017047,1.2478301003344476,101,0,2024-02-27,96.2
2420313,TrueBeam,62.19875,56.701034482758615,0.280874,15.346994653656399,1.0969597039523697,116,0,2024-02-27,96.7
2420128,Agility,29.223305555555555,41.72555555555556,0.207615,12.814793210747077,0.7003694778047026,180,1,2024-02-27,93.6
2420222,TrueBeam,53.696666666666665,58.99455555555556,0.360601,12.071039670852166,0.9101969861625648,180,1,2024-02-27,98.8
2420193,TrueBeam,13.449805555555557,25.894222222222222,0.307652,8.353277469404913,0.5194133826507844,180,1,2024-02-27,93.0
2420081,Agility,108.9638611111111,94.62255555555554,0.220616,22.63816904816568,1.1515632871185284,180,1,2024-02-27,86.2
2420080,Agility,97.94755555555554,90.43255555555554,0.222922,22.90216447417025,1.0831006041334672,180,1,2024-02-27,83.1
2420203,Agility,121.23142857142858,103.01238095238097,0.428683,20.710674795674528,1.1768626979651082,21,0,2024-02-27,94.3
2420192,TrueBeam,12.81922222222222,25.004777777777775,0.284797,7.566408014292317,0.512670911781304,180,1,2024-02-27,84.9
2420126,Agility,28.598805555555554,42.98455555555556,0.189448,13.393519170579543,0.6653274690392672,180,1,2024-02-27,90.1
2420262,TrueBeam,80.96580555555555,67.98511111111112,0.262698,16.522176387644656,1.1909343712512213,180,1,2024-02-27,97.6
2420269,TrueBeam,98.8073888888889,72.99811111111111,0.313093,17.293987930106837,1.353560898836043,180,1,2024-02-27,99.3
2420140,Agility,83.2593611111111,72.82144444444445,0.269857,17.223575999872487,1.143335754272627,180,1,2024-02-27,95.3
2420228,TrueBeam,85.37452777777779,74.59355555555555,0.288413,17.340575358225287,1.1445295393406045,180,1,2024-02-27,98.6
2420204,Agility,167.74459016393442,92.452131147541,0.517377,22.328350384685628,1.814393979693523,61,0,2024-02-27,96.4
2420212,Agility,78.75519444444444,74.33711111111111,0.259805,14.304770183403857,1.0594330781395265,180,1,2024-02-27,97.6
2420160,TrueBeam,131.42941666666667,72.23855555555556,0.370888,18.096228919444496,1.8193804631875559,180,1,2024-02-27,95.1
2420248,Agility,107.96083333333331,52.98733333333334,0.513966,12.168301446303442,2.037483801160025,180,1,2024-02-27,98.6
2420161,TrueBeam,164.51558333333332,116.57522222222222,0.495164,17.253048112946168,1.4112397145572195,180,1,2024-02-27,96.8
2420209,Agility,86.61827777777778,60.44466666666667,0.444464,15.988330249197704,1.433017709493715,180,1,2024-02-27,97.1
2420213,Agility,80.77286111111113,76.21322222222221,0.283316,14.177490962790278,1.0598273994451244,180,1,2024-02-27,98.7
2420205,Agility,126.32904761904766,104.84380952380954,0.517462,22.5063856392782,1.2049261486474212,21,0,2024-02-27,93.3
2420229,TrueBeam,91.86422222222222,75.289,0.274368,17.234459549733256,1.2201546337741533,180,1,2024-02-27,98.9
2408445,Agility,86.77608333333333,89.32222222222224,0.229172,21.506599033011,0.9714948998631668,180,1,2024-01-09,87.5
2408469,TrueBeam,46.9993611111111,42.52822222222222,0.3549,10.731098689908546,1.1051334538633166,180,1,2024-01-09,97.3
2408486,Agility,40.091451612903235,37.414838709677426,0.286813,8.370837331420644,1.0715388064076699,31,0,2024-01-09,96.3
2408258,TrueBeam,27.603055555555553,45.08477777777778,0.268651,9.852365564127364,0.6122477899660639,180,1,2024-01-09,99.5
2408409,Agility,110.03333333333332,74.37844444444444,0.328307,16.57496889786234,1.4793712634783673,180,1,2024-01-09,86.6
2408487,Agility,37.16838709677419,36.36774193548386,0.464718,7.394558743327474,1.022015256342026,31,0,2024-01-09,82.0
2408595,Agility,84.53463888888889,96.05744444444444,0.172334,23.208369523495442,0.8800425555541419,180,1,2024-01-09,84.2
2408612,TrueBeam,18.24274809160305,48.451603053435115,0.080869,15.959400051380378,0.3765148507363923,131,0,2024-01-09,92.7
2408444,Agility,99.74872222222223,91.38177777777778,0.28847,21.442922972932546,1.0915603159394773,180,1,2024-01-09,84.9
2408385,TrueBeam,86.61763888888889,127.39811111111113,0.216439,22.80611959599591,0.679897355882653,180,1,2024-01-09,95.9
2408414,TrueBeam,70.41233333333334,123.5308888888889,0.17856,19.66220542537056,0.5699977873280457,180,1,2024-01-09,95.5
2408438,TrueBeam,12.510638888888888,94.44944444444445,0.119412,12.766212469374981,0.13245857572246172,180,1,2024-01-09,95.0
2408415,TrueBeam,97.81738888888887,137.0971111111111,0.240522,17.752735911667468,0.713489789070845,180,1,2024-01-09,98.0
2408248,TrueBeam,26.5840594059406,27.56217821782179,0.242574,7.735975635684228,0.964512281861354,101,0,2024-01-09,98.7
2408436,TrueBeam,23.238472222222217,41.413777777777774,0.196274,9.539769950927285,0.5611290123523035,180,1,2024-01-09,90.3
2408457,Agility,46.54366666666667,41.177777777777784,0.392383,11.1500559626812,1.130310307609282,180,1,2024-01-09,94.0
2408512,Agility,81.5378888888889,84.4681111111111,0.2367,20.43973377913195,0.9653097224067468,180,1,2024-01-09,89.5
2408456,Agility,46.883250000000004,40.93655555555556,0.398955,11.214760723956832,1.1452661164023463,180,1,2024-01-09,88.0
2408513,Agility,95.1276111111111,85.8191111111111,0.261687,20.89887219016059,1.1084665161347123,180,1,2024-01-09,92.6
2408564,Agility,92.66808333333334,87.241,0.350046,15.666703448121822,1.0622079450411315,180,1,2024-01-09,90.8
2408437,TrueBeam,22.393027777777775,40.428555555555555,0.208086,10.669027264981157,0.5538913639149445,180,1,2024-01-09,91.2
2408257,TrueBeam,23.259111111111107,32.65688888888889,0.188171,9.981554743792671,0.7122267889708482,180,1,2024-01-09,97.1
2408579,Agility,214.9184444444444,114.28422222222223,0.288057,25.77028759110548,1.8805609406567247,180,1,2024-01-09,94.6
2408596,Agility,85.23694444444445,99.56377777777776,0.178272,24.002796397883355,0.8561039601640045,180,1,2024-01-09,85.6
2408611,TrueBeam,18.869351145038163,47.12870229007633,0.094288,14.170254037844389,0.4003791793140757,131,0,2024-01-09,93.2
2408502,Agility,70.33078125,48.77125000000001,0.27407,11.383023645661028,1.4420541046210624,96,0,2024-01-09,87.8
2408410,Agility,82.61805555555556,67.73844444444444,0.255851,15.975537414421673,1.2196627223011387,180,1,2024-01-09,89.4
2408467,Agility,35.49813888888889,40.08477777777778,0.251833,10.742681360673066,0.8855765419402765,180,1,2024-01-09,90.2
2408563,Agility,80.082,70.64833333333334,0.317974,15.893744021186047,1.1335299252164475,180,1,2024-01-09,84.2
2408387,TrueBeam,90.19541666666667,132.5088888888889,0.215039,18.986455553134242,0.6806744620905936,180,1,2024-01-09,97.2
2408503,Agility,69.11848958333333,46.57500000000001,0.310715,11.419629057615044,1.4840255412417245,96,0,2024-01-09,87.4
2408515,TrueBeam,85.58316666666667,67.923,0.344081,17.330996939634044,1.260002748209983,180,1,2024-01-09,95.4
2408578,Agility,198.54227777777777,108.08333333333333,0.25099,26.20915998024136,1.8369370341814444,180,1,2024-01-09,94.4
2408485,Agility,11.029084507042251,30.898873239436615,0.069746,8.695389838995974,0.3569413169722219,71,0,2024-01-09,80.4
2420695,TrueBeam,28.041249999999994,40.09770833333334,0.154346,12.24847741511307,0.699323007861006,96,0,2024-02-29,98.6
2420748,Agility,61.25952777777778,53.525555555555556,0.365005,15.72345423947505,1.1444912087683972,180,1,2024-02-29,92.5
2420661,TrueBeam,30.909166666666664,52.829375,0.232629,11.420076150240085,0.5850753802532523,96,0,2024-02-29,99.4
2420525,Agility,50.61130555555555,87.07633333333334,0.099829,24.598946236763346,0.5812291769545749,180,1,2024-02-29,80.6
2420837,TrueBeam,54.12331683168318,65.92792079207922,0.168895,17.22349420141291,0.8209468186077804,101,0,2024-02-29,85.8
2420552,Agility,36.32261111111111,65.7508888888889,0.135223,19.19744400830416,0.5524276815860537,180,1,2024-02-29,80.2
2420719,TrueBeam,33.58611111111111,49.06644444444445,0.174531,12.627178711112867,0.684502647204018,180,1,2024-02-29,97.9
2420826,TrueBeam,24.238277777777775,30.648333333333337,0.223396,8.813915811686465,0.7908514147950766,180,1,2024-02-29,96.7
2420796,TrueBeam,50.803472222222226,51.35333333333334,0.340916,13.659012440865915,0.9892925916309663,180,1,2024-02-29,99.9
2420558,Agility,40.24044444444445,67.59922222222222,0.141571,19.39834027458052,0.5952796958544888,180,1,2024-02-29,82.4
2420827,TrueBeam,23.48677777777777,40.541444444444444,0.245952,7.8218955740885505,0.5793276016586592,180,1,2024-02-29,96.6
2420737,Agility,67.40036111111111,75.235,0.249759,19.030696597660903,0.8958644395708262,180,1,2024-02-29,84.1
2420561,TrueBeam,107.01058333333333,69.58855555555557,0.337719,16.662718416626944,1.5377612378791528,180,1,2024-02-29,97.9
2420795,TrueBeam,111.54202777777779,88.669,0.289638,23.088763143214322,1.25795969028384,180,1,2024-02-29,97.5
2420146,Agility,52.17813888888888,64.75766666666667,0.147996,16.052154426755248,0.8057445793634043,180,1,2024-02-29,70.7
2420557,Agility,39.15994444444445,65.38766666666668,0.142073,19.160838596350146,0.5988888492393231,180,1,2024-02-29,82.0
2420994,TrueBeam,116.7273611111111,66.67488888888889,0.374449,17.579390806464872,1.7506944976786194,180,1,2024-02-29,99.3
2420582,TrueBeam,17.95272222222222,22.332444444444448,0.32028,5.8311800402051395,0.803885229262856,180,1,2024-02-29,98.9
2420995,TrueBeam,12.503055555555557,19.661222222222218,0.227073,5.857140740502348,0.6359246345033372,180,1,2024-02-29,79.6
2420794,TrueBeam,121.55461111111111,93.56566666666666,0.306231,22.237248484827028,1.2991369103814197,180,1,2024-02-29,97.8
2420560,TrueBeam,90.89630555555556,67.376,0.308567,16.705158165040526,1.3490902629356973,180,1,2024-02-29,96.5
2420736,Agility,79.62505555555556,77.09855555555555,0.284129,18.99446193134655,1.03276974492965,180,1,2024-02-29,90.8
2420720,TrueBeam,50.639416666666676,61.27411111111111,0.268874,12.68155850670792,0.8264406573738775,180,1,2024-02-29,99.9
2420793,Agility,66.55694444444444,57.359111111111105,0.383056,15.770466528008205,1.1603552278820375,180,1,2024-02-29,94.9
2420551,Agility,37.649972222222225,67.43133333333334,0.137429,19.206597640535673,0.5583453620308396,180,1,2024-02-29,80.2
2420838,TrueBeam,50.15341584158416,71.00415841584157,0.167631,18.154397482681766,0.7063447685395642,101,0,2024-02-29,85.7
2420818,Agility,32.62222772277229,46.590891089108915,0.152023,13.46780268764305,0.7001846704408291,101,0,2024-02-29,87.2
2420819,Agility,36.610544554455444,48.48039603960397,0.170417,13.663031551397804,0.755161829217485,101,0,2024-02-29,87.0
2417860,Agility,45.572524752475246,36.041782178217815,0.258305,9.48607206702923,1.264435940684904,101,0,2024-02-16,77.1
2417876,Agility,34.24336111111112,47.22822222222223,0.132564,9.768266739736607,0.7250614039627907,180,1,2024-02-16,86.4
2417724,Agility,96.58958333333334,65.33722222222222,0.280287,15.516838758126507,1.4783239943200661,180,1,2024-02-16,96.6
2417909,TrueBeam,71.47638613861386,114.47089108910892,0.183648,22.01302167398229,0.6244066544653143,101,0,2024-02-16,97.3
2417816,Agility,14.130166666666668,20.843444444444444,0.286698,5.8509356584031185,0.6779189833200954,180,1,2024-02-16,98.4
2417857,Agility,61.371027777777776,54.87133333333333,0.383289,17.3065933316647,1.1184533717261795,180,1,2024-02-16,98.3
2417908,TrueBeam,72.42866336633662,112.79227722772278,0.180284,21.238207120955607,0.642142043289952,101,0,2024-02-16,99.0
2417949,Agility,30.436528925619836,44.12198347107437,0.142722,12.83025159171491,0.6898268511789256,121,0,2024-02-16,87.0
2417578,TrueBeam,8.95388888888889,32.98822222222223,0.140846,5.7876312457523,0.27142683920860644,180,1,2024-02-16,94.8
2417850,Agility,43.48880952380952,71.16380952380953,0.30572,16.232391964570795,0.6111085088728887,21,0,2024-02-16,91.0
2417780,Agility,71.98500000000001,50.59966666666666,0.298996,12.657237802073997,1.4226378302887377,180,1,2024-02-16,97.2
2417811,Agility,48.93477777777778,72.63644444444444,0.164596,17.681182414417446,0.673694564100054,180,1,2024-02-16,94.0
2417903,Agility,63.377432432432435,49.932072072072074,0.250777,11.234425383519278,1.2692730303872288,111,0,2024-02-16,94.3
2417846,Agility,59.40777777777779,79.636,0.136221,20.758412477886743,0.74599148347202,180,1,2024-02-16,84.8
2417889,Agility,129.09530555555557,77.93233333333333,0.377755,19.63218548349593,1.65650507348968,180,1,2024-02-16,91.5
2417827,Agility,60.525222222222226,84.28777777777778,0.143236,23.586191947549544,0.7180782768030162,180,1,2024-02-16,87.5
2417902,Agility,59.85788288288288,47.92234234234234,0.229315,11.1198133025631,1.2490600408318264,111,0,2024-02-16,90.5
2417847,Agility,59.152333333333345,78.884,0.148275,20.63203665090264,0.7498647803525854,180,1,2024-02-16,87.7
2417851,Agility,94.29880952380954,69.41619047619048,0.602682,16.008758451651396,1.358455554488455,21,0,2024-02-16,93.2
2417646,Agility,27.40105633802817,25.923098591549294,0.316207,6.400745098304092,1.0570131591815446,71,0,2024-02-16,94.4
2417669,Agility,22.589135802469137,27.67876543209877,0.239426,7.245288804014912,0.8161178957885439,81,0,2024-02-16,92.5
2417852,Agility,57.9897619047619,68.86571428571426,0.377291,14.33519653219874,0.8420701434123002,21,0,2024-02-16,97.9
2417583,TrueBeam,4.48525,11.020333333333333,0.165384,2.5976883088089835,0.4069976709718399,180,1,2024-02-16,98.3
2417848,Agility,44.114285714285714,66.87619047619049,0.279883,15.75434043635688,0.6596411278837937,21,0,2024-02-16,94.0
2417777,Agility,42.803916666666666,48.480555555555554,0.248504,13.864361317144896,0.8829089554804331,180,1,2024-02-16,86.5
2417872,Agility,26.56455555555556,41.91844444444445,0.128093,10.60447856557155,0.6337199747658152,180,1,2024-02-16,83.8
2418011,TrueBeam,19.27652777777778,26.755666666666663,0.324206,8.46504088885473,0.7204652389317322,180,1,2024-02-16,98.6
2417649,Agility,53.14555555555556,49.33144444444444,0.299161,13.074143043906263,1.0773160233612549,180,1,2024-02-16,94.4
2417648,Agility,63.10230555555556,49.25888888888889,0.354331,13.035320187140886,1.2810338799539847,180,1,2024-02-16,92.9
2417873,Agility,34.33411111111112,54.568777777777775,0.224407,9.722911214739863,0.6291896668628175,180,1,2024-02-16,92.1
2417577,TrueBeam,10.301222222222224,29.71233333333333,0.103784,8.567330875907755,0.3466985277344613,180,1,2024-02-16,96.0
2417776,Agility,48.527277777777776,50.3571111111111,0.269017,13.58284826806996,0.963662861253183,180,1,2024-02-16,88.5
2417849,Agility,65.13225352112674,70.35126760563378,0.238939,17.23032977751749,0.9258149247038003,71,0,2024-02-16,95.7
2417890,Agility,99.78066666666668,82.69644444444445,0.298894,19.29697169954531,1.2065895618245042,180,1,2024-02-16,92.8
2417828,Agility,51.40677777777776,80.75888888888888,0.126456,23.568760799000017,0.6365463726043228,180,1,2024-02-16,85.4
2417853,Agility,55.459084507042256,69.80112676056338,0.243258,17.35612307415585,0.7945299321210361,71,0,2024-02-16,96.9
2417812,Agility,56.276666666666664,60.32377777777777,0.198899,18.501767374682238,0.932910184670132,180,1,2024-02-16,95.3
2417845,Agility,40.59102777777778,45.556888888888885,0.262934,12.614473844820957,0.8909964830297652,180,1,2024-02-16,90.4
2417730,Agility,92.44127777777778,80.53822222222222,0.231016,18.70738887293686,1.147793870129297,180,1,2024-02-16,96.5
2417858,Agility,64.28333333333333,55.89200000000001,0.448748,11.009652583074544,1.150134783749612,180,1,2024-02-16,95.9
2417950,Agility,49.41388429752065,56.659173553719,0.209235,15.273506473629427,0.8721250452174522,121,0,2024-02-16,93.1
2417854,Agility,40.75622222222222,45.16277777777778,0.277001,12.461770608210468,0.9024294834733618,180,1,2024-02-16,91.4
2417584,TrueBeam,14.92285714285714,47.17107142857143,0.06819,13.486938891924895,0.31635612020078885,56,0,2024-02-16,94.7
2417992,Agility,189.40680555555554,83.66544444444445,0.664778,11.426845583974607,2.2638594322095007,180,1,2024-02-16,95.2
2417838,Agility,145.56838888888888,93.8178888888889,0.35916,21.766977567367363,1.551605888950342,180,1,2024-02-16,91.4
2417506,TrueBeam,7.156027777777778,20.38533333333333,0.127408,5.5652554753406225,0.3510380556827349,180,1,2024-02-16,91.4
2417843,Agility,146.67102777777777,94.25211111111112,0.355804,21.82909413819197,1.5561564197206308,180,1,2024-02-16,94.6
2417793,Agility,78.03969444444445,70.66544444444443,0.352733,19.83356642553538,1.1043543992113074,180,1,2024-02-16,88.9
2417875,Agility,39.092916666666675,62.80277777777778,0.225527,9.98052478873089,0.6224711398115796,180,1,2024-02-16,91.9
2417859,Agility,46.2842079207921,35.8879207920792,0.223342,9.204559017954292,1.2896876413917926,101,0,2024-02-16,87.2
2413788,Agility,31.648722222222226,33.24644444444444,0.443754,8.131898510236685,0.951943064922565,180,1,2024-01-31,91.8
2413747,Agility,76.08183168316832,69.5689108910891,0.230722,19.510771182725,1.093618265812372,101,0,2024-01-31,88.7
2413751,Agility,14.505916666666664,26.42666666666667,0.206514,6.323176487258676,0.5489120837537839,180,1,2024-01-31,88.9
2413946,TrueBeam,51.9617901234568,36.80543209876544,0.226662,10.674442898636553,1.4117967691296238,81,0,2024-01-31,87.2
2413746,Agility,83.03381188118813,72.22396039603962,0.260758,18.832261446191474,1.1496712645758107,101,0,2024-01-31,93.4
2413662,Agility,38.56805555555555,41.39111111111111,0.182063,11.752075636572897,0.9317956082894878,180,1,2024-01-31,94.7
2413868,Agility,77.50561111111112,100.32622222222223,0.171045,25.967734014344337,0.772535927241798,180,1,2024-01-31,80.7
2413825,TrueBeam,103.69266666666667,75.02722222222224,0.338311,15.882923604181727,1.3820672496649362,180,1,2024-01-31,95.5
2413848,Agility,54.37522222222222,58.709111111111106,0.324183,10.992985906771672,0.9261803013728704,180,1,2024-01-31,95.2
2413824,TrueBeam,106.73544444444447,66.34588888888888,0.350179,15.550829497798093,1.608772543890353,180,1,2024-01-31,96.8
2413853,TrueBeam,13.96267605633803,20.514366197183094,0.378595,5.738794952892622,0.6806291709005028,71,0,2024-01-31,99.3
2413780,Agility,5.1618611111111115,13.172888888888888,0.121844,3.327417093737389,0.3918549040116064,180,1,2024-01-31,90.2
2413647,Agility,58.687805555555556,93.02144444444444,0.119612,24.67215706067138,0.63090619486785,180,1,2024-01-31,72.1
2413923,Agility,39.16994444444445,32.57788888888889,0.211647,7.495425785700691,1.2023475363317313,180,1,2024-01-31,89.8
2413922,Agility,10.245694444444444,18.59777777777778,0.222338,4.73911402509097,0.5509096068825426,180,1,2024-01-31,92.4
2413867,Agility,81.67683333333335,102.083,0.178294,26.067091561076666,0.8001022044153615,180,1,2024-01-31,86.8
2413579,Agility,113.21147222222224,83.75411111111111,0.328253,21.608567161798163,1.3517124200868418,180,1,2024-01-31,91.6
2413580,Agility,102.31086111111112,84.118,0.274713,21.96988512374451,1.216277860994212,180,1,2024-01-31,89.6
2413646,Agility,57.280166666666666,88.06177777777778,0.143888,25.262639497029767,0.6504543527523607,180,1,2024-01-31,73.2
2413685,TrueBeam,52.431444444444445,46.20966666666668,0.320408,12.226245277167175,1.134642342751757,180,1,2024-01-31,97.5
2413847,Agility,50.85030555555556,49.45800000000001,0.313609,11.22919603895442,1.0281512708875318,180,1,2024-01-31,92.3
2413661,Agility,118.94439560439561,63.4123076923077,0.409211,16.092504718217796,1.8757304367717293,91,0,2024-01-31,90.6
2413749,Agility,18.999833333333335,31.33933333333334,0.233528,7.753844842190504,0.6062615669339912,180,1,2024-01-31,94.9
2413769,Agility,11.457944444444447,20.215333333333334,0.182775,5.097241449098117,0.5667947322714333,180,1,2024-01-31,94.1
2413968,TrueBeam,51.759725274725255,36.83010989010989,0.311197,9.761484214111828,1.405364399649116,91,0,2024-01-31,95.7
2413882,TrueBeam,75.38608333333333,46.83555555555555,0.450017,12.099423945066938,1.6095908853672425,180,1,2024-01-31,94.7
2413787,Agility,31.306333333333342,34.11666666666667,0.485639,8.357631804831625,0.9176257938446509,180,1,2024-01-31,93.9
2413924,Agility,12.807472222222218,21.352000000000004,0.092389,5.664712571557113,0.5998254131801337,180,1,2024-01-31,83.5
2420569,TrueBeam,106.52583333333334,70.43722222222223,0.323361,16.922317206356386,1.512351424041897,180,1,2024-02-28,99.0
2419015,Agility,119.21566666666665,100.23422222222221,0.198486,27.335767591692584,1.1893708957242368,180,1,2024-02-28,91.4
2420534,Agility,61.91275862068966,46.98206896551724,0.162334,12.66073139282771,1.3177954905760085,116,0,2024-02-28,88.5
2420518,Agility,103.50680555555556,66.2183333333333,0.568545,17.51916049934603,1.5631140251524844,36,0,2024-02-28,88.0
2420345,Agility,8.51361111111111,20.76388888888889,0.101695,6.076108227642312,0.41002006688963205,180,1,2024-02-28,84.2
2420344,Agility,8.105972222222222,17.743111111111112,0.115419,5.222394897869741,0.4568517985070888,180,1,2024-02-28,89.1
2420489,Agility,154.98946902654868,101.94530973451327,0.36231,23.241926763696295,1.5203197619407247,113,0,2024-02-28,88.3
2419658,Agility,10.146249999999998,27.34366666666667,0.158389,6.269505240657283,0.3710639880045348,180,1,2024-02-28,91.6
2420424,TrueBeam,78.23072222222224,71.83566666666667,0.250166,18.473613285541855,1.0890234037254787,180,1,2024-02-28,97.5
2420536,Agility,77.72080555555554,60.608444444444444,0.174328,15.986612770022397,1.2823428528477878,180,1,2024-02-28,81.9
2420015,Agility,25.528611111111108,38.48788888888889,0.252368,8.384236172189112,0.6632894619086522,180,1,2024-02-28,95.6
2420214,Agility,30.40691666666667,45.992666666666665,0.146594,13.184904445243681,0.6611253243270667,180,1,2024-02-28,85.8
2419657,Agility,9.481194444444442,23.359444444444442,0.152244,6.468139720814413,0.40588270268984705,180,1,2024-02-28,86.6
2420490,Agility,167.816814159292,98.25451327433628,0.401783,23.289758564673974,1.70798071830788,113,0,2024-02-28,96.2
2420491,Agility,10.506611111111111,26.807333333333332,0.101625,10.042808362782928,0.3919304833669062,180,1,2024-02-28,86.9
2420014,Agility,22.704944444444443,33.837888888888884,0.19999,8.980621576665412,0.6709917548047718,180,1,2024-02-28,88.6
2420517,Agility,50.36666666666667,67.55567567567567,0.141031,18.127166928876907,0.7455578848544011,111,0,2024-02-28,81.6
2419016,Agility,123.72333333333331,125.05544444444442,0.184503,26.802092678953997,0.9893478359376597,180,1,2024-02-28,92.4
2420459,Agility,79.64975247524754,80.52851485148516,0.162272,19.998847900597898,0.9890875626123458,101,0,2024-02-28,86.6
2420423,TrueBeam,69.7228611111111,74.41622222222222,0.195613,18.459668366702232,0.9369309409835966,180,1,2024-02-28,98.0
2420570,TrueBeam,119.56877777777778,72.00288888888889,0.38731,17.29657612055786,1.660610839688531,180,1,2024-02-28,98.9
2420458,Agility,63.636683168316836,84.21069306930691,0.149368,20.562745556175244,0.7556841162195721,101,0,2024-02-28,88.6
2420614,TrueBeam,7.025972222222223,18.84122222222222,0.079989,5.978254903643865,0.37290427018770905,180,1,2024-02-28,83.3
2420415,Agility,27.188055555555557,31.38,0.326006,8.646214220426495,0.8664134976276469,180,1,2024-02-28,89.2
2413570,Agility,92.0321111111111,72.77777777777777,0.301916,18.776523145403765,1.264563358778626,180,1,2024-01-30,93.8
2413585,Agility,65.9689603960396,79.24,0.185726,20.099948562185183,0.8325209540136246,101,0,2024-01-30,89.6
2413571,Agility,102.94013888888888,70.16777777777779,0.388303,19.70103792447643,1.467057132903675,180,1,2024-01-30,94.9
2413645,Agility,46.5893023255814,42.306744186046515,0.19993,12.561681334603271,1.1012263699778473,86,0,2024-01-30,90.5
2413560,Agility,59.50272222222222,80.34911111111111,0.183798,20.421553252924042,0.7405523396511334,180,1,2024-01-30,84.2
2412999,Agility,11.054666666666664,23.455555555555556,0.089743,5.646468612772128,0.4713027001421126,180,1,2024-01-30,76.9
2413536,Agility,78.37427777777779,62.99722222222222,0.255642,17.114412639663108,1.2440910093037614,180,1,2024-01-30,86.1
2413561,Agility,65.49238888888891,87.41977777777778,0.186545,20.277565666328222,0.74917130372227,180,1,2024-01-30,70.9
2413520,Agility,24.831944444444446,36.93733333333333,0.212141,9.351761512359197,0.672272256915617,180,1,2024-01-30,91.6
2413558,Agility,143.45475,95.32900000000001,0.430805,28.64604366443791,1.5048385066454066,180,1,2024-01-30,81.4
2413522,Agility,25.972833333333337,41.73566666666667,0.260259,7.993781294825057,0.6223174423155255,180,1,2024-01-30,96.5
2413559,Agility,78.06952777777778,65.08355555555556,0.211383,27.21103559170529,1.1995277011431458,180,1,2024-01-30,82.7
2413345,Agility,20.012621359223303,27.771844660194176,0.187132,7.8666381066112425,0.7206082852648139,103,0,2024-01-30,95.0
2413339,Agility,15.937669902912619,26.91611650485436,0.132175,6.72368662845528,0.5921236780216135,103,0,2024-01-30,89.4
2413591,TrueBeam,107.49785714285713,50.574285714285715,0.704924,11.642752317535063,2.1255437545901357,14,0,2024-01-30,99.7
2413528,Agility,158.82444444444445,75.15466666666666,0.39157,23.26502075628142,2.1133011626394165,180,1,2024-01-30,89.5
2413590,TrueBeam,63.85022222222223,48.66266666666666,0.273502,13.085184418494817,1.3120987113096056,180,1,2024-01-30,92.6
2413586,Agility,56.814851485148516,74.39683168316832,0.147119,20.341369969596194,0.7636729978919575,101,0,2024-01-30,85.3
2413436,TrueBeam,64.35313888888889,58.847666666666676,0.36415,13.451260573838635,1.0935546391908297,180,1,2024-01-30,98.5
2408042,TrueBeam,4.666583333333334,12.629222222222223,0.178438,3.6182866148700734,0.36950678760898453,180,1,2024-01-08,99.1
2408234,TrueBeam,118.63301652892562,130.3709090909091,0.28175,22.45033131132618,0.9099654006876756,121,0,2024-01-08,92.4
2408218,TrueBeam,28.952694444444447,27.720444444444446,0.251116,7.612214480982553,1.0444527504769845,180,1,2024-01-08,91.1
2408127,Agility,94.90508333333334,56.45399999999999,0.501911,14.013234738886734,1.6811046751927825,180,1,2024-01-08,89.5
2408126,Agility,92.57250000000002,52.10788888888888,0.483775,13.97224513041201,1.7765544138123686,180,1,2024-01-08,83.2
2408219,TrueBeam,4.474527777777777,13.237333333333336,0.090419,4.20843054828314,0.33802335146387313,180,1,2024-01-08,89.3
2408235,TrueBeam,146.16747933884298,134.0586776859504,0.307022,21.30248562085351,1.0903246388962524,121,0,2024-01-08,94.0
2408307,TrueBeam,163.1327777777778,142.94866666666667,0.375005,25.74505916550926,1.141198316722864,180,1,2024-01-08,99.1
2407965,Agility,51.16291666666667,68.38633333333334,0.212122,13.231730196828721,0.7481453409306927,180,1,2024-01-08,92.5
2408110,Agility,61.425805555555556,78.90955555555556,0.152468,21.55719713941204,0.7784330443010704,180,1,2024-01-08,83.9
2408048,Agility,25.7465,56.55633333333333,0.116298,18.741181415777163,0.4552363719948842,180,1,2024-01-08,84.7
2408232,Agility,160.17424999999994,92.80433333333333,0.38284,18.369027498623378,1.7259350317693494,180,1,2024-01-08,98.6
2408199,Agility,71.74886111111113,50.16466666666666,0.460915,12.113393598519245,1.4302668766418156,180,1,2024-01-08,93.2
2408228,TrueBeam,97.18808333333332,149.7052222222222,0.234435,19.24939421886125,0.6491963465981666,180,1,2024-01-08,95.1
2408140,Agility,19.76586111111111,26.34144444444444,0.346553,7.915813725180721,0.7503711936829585,180,1,2024-01-08,90.3
2408068,Agility,4.0510666666666655,12.252799999999999,0.245136,3.5,0.3306237485853573,75,0,2024-01-08,0.0
2408205,Agility,64.20888888888888,53.25066666666666,0.39327,14.63226657033959,1.2057856343999866,180,1,2024-01-08,91.9
2408069,Agility,3.5183695652173905,10.303478260869568,0.185895,2.5,0.3414739640475988,46,0,2024-01-08,0.0
2408141,Agility,17.9375,20.73375,0.484176,5.988358438900951,0.8651353469584614,16,0,2024-01-08,96.7
2408229,Agility,161.13094444444442,75.19477777777779,0.392164,18.94837241636861,2.1428475381712375,180,1,2024-01-08,95.3
2408136,TrueBeam,18.32456043956044,22.36967032967033,0.257291,6.3545525546478325,0.819169892515376,91,0,2024-01-08,100.0
2408206,TrueBeam,34.73909090909091,32.93454545454546,0.272954,8.450657284701037,1.0547918736888595,88,0,2024-01-08,99.6
2408139,Agility,10.960416666666667,22.04811111111111,0.215983,6.403779713725333,0.4971136353328328,180,1,2024-01-08,89.9
2408046,Agility,25.170944444444448,60.44833333333334,0.108517,20.440231692272462,0.4164042754602186,180,1,2024-01-08,84.4
2408047,Agility,27.537638888888885,63.08955555555555,0.11999,19.608520777580992,0.43648490857792976,180,1,2024-01-08,89.3
2408207,TrueBeam,26.295416666666668,31.050833333333333,0.610703,6.162238699152134,0.8468505944553286,24,0,2024-01-08,99.1
2408227,TrueBeam,58.25450000000001,116.34055555555557,0.170583,20.261403436003715,0.500723928313906,180,1,2024-01-08,95.1
2408231,TrueBeam,17.14702777777778,20.763,0.375086,5.204092191892732,0.8258453873610643,180,1,2024-01-08,97.5
2408129,Agility,31.68940594059406,43.019009900990106,0.122789,11.974382197932908,0.7366372683501652,101,0,2024-01-08,89.4
2407966,Agility,49.668722222222215,73.32722222222223,0.16961,14.76438959117511,0.6773572040094248,180,1,2024-01-08,87.0
2408294,TrueBeam,17.408241758241758,24.353406593406596,0.179274,6.671365958778576,0.714817522200563,91,0,2024-01-08,97.8
2408308,TrueBeam,44.62891666666666,123.1408888888889,0.191124,9.641755680792624,0.3624215893628616,180,1,2024-01-08,92.5
2408109,Agility,66.09072222222221,76.02733333333333,0.169002,21.23297777639075,0.8693021223361188,180,1,2024-01-08,87.3
2408220,TrueBeam,7.050194444444445,15.441555555555553,0.139207,4.366840953852343,0.4565728121806958,180,1,2024-01-08,90.9
2408221,TrueBeam,3.085027777777778,9.847,0.122647,2.953158179535914,0.313296209787527,180,1,2024-01-08,92.0
2408041,TrueBeam,2.7336944444444446,9.922555555555554,0.122432,3.1907854174498036,0.2755030626070793,180,1,2024-01-08,99.1
2408305,TrueBeam,122.11597222222223,141.1702222222222,0.288328,25.79682297452976,0.8650264220027517,180,1,2024-01-08,99.4
2408128,Agility,39.7559405940594,44.56396039603961,0.185461,12.654635049321385,0.8921096832675693,101,0,2024-01-08,86.5
2419829,TrueBeam,16.591499999999996,56.457777777777764,0.085935,11.802405392306586,0.29387447846965287,180,1,2024-02-26,95.1
2419891,Agility,15.714583333333334,36.989777777777775,0.109125,9.208266739736606,0.42483584053251955,180,1,2024-02-26,79.6
2419887,TrueBeam,38.20197674418605,38.9706976744186,0.413693,8.136678011539209,0.9802743862413025,86,0,2024-02-26,98.4
2419940,Agility,113.99097222222223,66.05655555555556,0.397191,18.484071974671572,1.7256572230193319,180,1,2024-02-26,97.1
2419556,TrueBeam,8.53183962264151,21.32698113207547,0.236335,11.471236960323075,0.40004910070510386,106,0,2024-02-26,95.5
2419809,TrueBeam,6.992305555555557,16.991555555555554,0.150461,4.854159605517879,0.41151650493055386,180,1,2024-02-26,98.2
2419449,Agility,24.54177777777778,33.672666666666665,0.179888,7.116062875813932,0.7288338051964338,180,1,2024-02-26,87.6
2419886,TrueBeam,29.27549618320611,34.76503816793893,0.266935,8.754397327419632,0.8420959022620779,131,0,2024-02-26,95.8
2419890,TrueBeam,20.475444444444445,37.216888888888896,0.207335,9.135105381501306,0.5501653968329789,180,1,2024-02-26,99.8
2419828,TrueBeam,18.87633333333333,47.04244444444445,0.095702,15.13854258315338,0.40126174471281245,180,1,2024-02-26,90.0
2419531,Agility,54.26758333333334,59.272444444444446,0.277605,15.590427825275583,0.9155617562592324,180,1,2024-02-26,85.3
2419878,Agility,46.44919444444445,52.10688888888889,0.339303,9.685087432860431,0.8914213731602988,180,1,2024-02-26,98.5
2419907,Agility,46.67705555555557,40.11488888888889,0.183296,9.618115296534937,1.1635843161585893,180,1,2024-02-26,90.1
2419546,TrueBeam,8.347871287128713,37.0190099009901,0.12335,5.411016814754244,0.2255022840820344,101,0,2024-02-26,93.0
2419951,TrueBeam,72.55858333333335,75.7641111111111,0.218224,19.339507868982842,0.9576906832170614,180,1,2024-02-26,98.2
2419896,Agility,13.047954545454546,18.136363636363633,0.395976,4.701248310091261,0.7194360902255641,22,0,2024-02-26,94.6
2419909,Agility,44.38970297029702,49.61425742574257,0.301195,14.421835034304527,0.8946965101056865,101,0,2024-02-26,94.7
2419952,TrueBeam,61.60422222222223,81.47622222222223,0.194381,16.748444308319886,0.7561006210400854,180,1,2024-02-26,98.8
2419728,Agility,95.76505555555558,84.20044444444444,0.254469,21.10128183339722,1.1373462003367627,180,1,2024-02-26,91.7
2419895,Agility,11.353289473684208,19.123947368421057,0.252345,5.1919757945888705,0.5936687261768792,76,0,2024-02-26,95.0
2419969,TrueBeam,75.10133333333334,105.52222222222223,0.270187,18.540339802711276,0.7117110666526272,180,1,2024-02-26,99.1
2419894,Agility,10.386607142857143,18.576785714285716,0.20714,4.75560030956279,0.559117562241661,56,0,2024-02-26,91.3
2419729,Agility,92.83422222222224,83.93744444444444,0.248637,21.517980496012278,1.1059929550710386,180,1,2024-02-26,93.9
2419877,Agility,43.01680555555556,43.92688888888889,0.307227,11.228232464268626,0.9792818622863243,180,1,2024-02-26,99.4
2419532,Agility,21.213305555555557,30.616000000000007,0.129927,6.850507960555515,0.6928829878349736,180,1,2024-02-26,92.6
2419908,Agility,45.564306930693085,41.69366336633663,0.276341,9.31001746667896,1.09283529562628,101,0,2024-02-26,90.9
2419885,Agility,61.21822222222222,62.49588888888889,0.241075,14.890188967770845,0.9795559885716926,180,1,2024-02-26,89.8
2419889,TrueBeam,23.478861111111115,35.125,0.257543,9.741876451236612,0.6684373270067221,180,1,2024-02-26,98.8
2419345,Agility,35.639500000000005,36.45811111111111,0.375359,9.934635151896535,0.97754652980742,180,1,2024-02-26,95.3
2419892,Agility,21.630055555555554,42.074555555555555,0.168061,9.867800088683222,0.5140887472238433,180,1,2024-02-26,86.3
2419884,Agility,56.874861111111116,61.24888888888889,0.186147,15.014821679899995,0.9285860060953487,180,1,2024-02-26,86.9
2418812,Agility,43.962833333333336,36.86022222222222,0.391681,9.066414886456249,1.192690403988642,180,1,2024-02-21,86.9
2418520,Agility,37.59341666666667,46.33877777777778,0.204103,12.736118796019142,0.8112733755505949,180,1,2024-02-21,86.9
2418872,Agility,68.01777777777778,60.01455555555555,0.312104,12.350106771388756,1.1333546861779829,180,1,2024-02-21,90.3
2418669,TrueBeam,50.12776315789474,38.324999999999996,0.322202,11.280617927175538,1.3079651182751402,76,0,2024-02-21,97.9
2418540,TrueBeam,16.06925,29.639222222222223,0.304954,6.684206717920353,0.5421616626617133,180,1,2024-02-21,96.1
2418674,Agility,156.6731111111111,110.86122222222222,0.276741,27.248797817554905,1.4132363685929654,180,1,2024-02-21,90.2
2418619,Agility,70.34052777777777,66.27644444444445,0.205898,16.18271319120463,1.061320177438607,180,1,2024-02-21,87.1
2418506,TrueBeam,51.24065789473684,38.56,0.328246,11.055318052929833,1.328855235859358,76,0,2024-02-21,99.6
2418855,Agility,32.313277777777785,56.93111111111112,0.200982,11.977112173412328,0.5675855810140911,180,1,2024-02-21,79.3
2418681,Agility,74.75419444444445,86.852,0.223614,18.30752011902466,0.8607078068949989,180,1,2024-02-21,91.6
2418838,Agility,33.513827160493825,57.99777777777778,0.151836,15.884202493050891,0.5778467459374773,81,0,2024-02-21,87.8
2418839,Agility,24.84833333333333,50.21523809523809,0.333746,13.714015381662177,0.49483651329514844,21,0,2024-02-21,93.2
2418854,Agility,26.268972222222217,44.98177777777778,0.131928,12.3716818555651,0.5839914187473445,180,1,2024-02-21,81.2
2418679,Agility,52.42713888888889,57.07277777777777,0.168923,17.985532693671082,0.9186014932201576,180,1,2024-02-21,89.7
2418618,Agility,65.99963888888888,69.09122222222221,0.197383,16.351795332135083,0.95525360192081,180,1,2024-02-21,84.7
2418675,Agility,176.96991666666662,134.5878888888889,0.259926,26.68791712608009,1.3149022406671886,180,1,2024-02-21,93.3
2418637,Agility,36.399166666666666,41.26244444444444,0.401917,10.35922863405995,0.8821379139491925,180,1,2024-02-21,91.6
2418840,Agility,38.565493827160495,68.8911111111111,0.238428,15.757701564842268,0.5598036264063168,81,0,2024-02-21,90.4
2418773,TrueBeam,69.25927777777778,46.01333333333333,0.469949,11.789173965351129,1.5052001835216848,180,1,2024-02-21,99.3
2418837,Agility,58.86190476190476,59.408571428571435,0.546858,14.699751390624204,0.9907981852867149,21,0,2024-02-21,95.9
2418650,Agility,73.62933333333335,73.3428888888889,0.20659,19.382652240885943,1.003905551700839,180,1,2024-02-21,86.6
2418871,Agility,68.42533333333333,58.33811111111111,0.294966,12.723708631820681,1.172909647400308,180,1,2024-02-21,82.3
2418826,TrueBeam,5.378416666666667,20.35066666666667,0.14051,4.751848709897627,0.26428700124484045,180,1,2024-02-21,78.4
2418689,Agility,58.03150684931507,58.07643835616438,0.253716,18.255107395484387,0.9992263384580549,73,0,2024-02-21,91.7
2418763,TrueBeam,14.772305555555553,22.38711111111111,0.257869,5.796317743106076,0.6598576065593297,180,1,2024-02-21,98.5
2418523,Agility,34.567861111111114,50.90111111111111,0.196535,13.740317547305484,0.6791180065923031,180,1,2024-02-21,86.3
2418780,Agility,52.50212871287129,57.233069306930695,0.181761,15.002186376444591,0.9173390375293657,101,0,2024-02-21,81.9
2418779,Agility,47.08960396039605,59.224158415841586,0.178855,15.516405258655773,0.7951080305735552,101,0,2024-02-21,81.2
2418811,Agility,82.87697222222222,47.84855555555554,0.3976,13.460830228223237,1.7320684242180775,180,1,2024-02-21,82.1
2418539,TrueBeam,14.173194444444446,28.60033333333333,0.21809,7.878550357669189,0.49556046355326094,180,1,2024-02-21,92.3
